name,note,8v,#/b,clef,score_image_front,score_image_back,keyboard_full_image_front,keyboard_full_image_back,keyboard_octave_image,keyboard_blank_image,sound_file,piano_key#,order,tags
A0 bass,A,0,,bass,"<img src=""piano-score-front-001-01-0-bass-A0.png""/>","<img src=""piano-score-back-001-01-0-bass-A0.png""/>","<img src=""piano-keyboard-front-01-0-A0.png""/>","<img src=""piano-keyboard-back-01-0-A0.png""/>","<img src=""piano-keyboard-octave-back-A.png""/>","<img src=""piano-keyboard-00-blank.png""/>",[sound:piano-audio-001-01-0-bass-A0.mp3],1,4,
A0# bass,A,0,#,bass,"<img src=""piano-score-front-002-02-0-bass-A0#.png""/>","<img src=""piano-score-back-002-02-0-bass-A0#.png""/>","<img src=""piano-keyboard-front-02-0-A0#-B0b.png""/>","<img src=""piano-keyboard-back-02-0-A0#-B0b.png""/>","<img src=""piano-keyboard-octave-back-A#-Bb.png""/>","<img src=""piano-keyboard-00-blank.png""/>",[sound:piano-audio-002-02-0-bass-A0#.mp3],2,4,
B0b bass,B,0,b,bass,"<img src=""piano-score-front-004-02-0-bass-B0b.png""/>","<img src=""piano-score-back-004-02-0-bass-B0b.png""/>","<img src=""piano-keyboard-front-02-0-A0#-B0b.png""/>","<img src=""piano-keyboard-back-02-0-A0#-B0b.png""/>","<img src=""piano-keyboard-octave-back-A#-Bb.png""/>","<img src=""piano-keyboard-00-blank.png""/>",[sound:piano-audio-004-02-0-bass-B0b.mp3],2,4,
B0 bass,B,0,,bass,"<img src=""piano-score-front-003-03-0-bass-B0.png""/>","<img src=""piano-score-back-003-03-0-bass-B0.png""/>","<img src=""piano-keyboard-front-03-0-B0.png""/>","<img src=""piano-keyboard-back-03-0-B0.png""/>","<img src=""piano-keyboard-octave-back-B.png""/>","<img src=""piano-keyboard-00-blank.png""/>",[sound:piano-audio-003-03-0-bass-B0.mp3],3,4,
C1 bass,C,1,,bass,"<img src=""piano-score-front-005-04-1-bass-C1.png""/>","<img src=""piano-score-back-005-04-1-bass-C1.png""/>","<img src=""piano-keyboard-front-04-1-C1.png""/>","<img src=""piano-keyboard-back-04-1-C1.png""/>","<img src=""piano-keyboard-octave-back-C.png""/>","<img src=""piano-keyboard-00-blank.png""/>",[sound:piano-audio-005-04-1-bass-C1.mp3],4,4,
C1# bass,C,1,#,bass,"<img src=""piano-score-front-006-05-1-bass-C1#.png""/>","<img src=""piano-score-back-006-05-1-bass-C1#.png""/>","<img src=""piano-keyboard-front-05-1-C1#-D1b.png""/>","<img src=""piano-keyboard-back-05-1-C1#-D1b.png""/>","<img src=""piano-keyboard-octave-back-C#-Db.png""/>","<img src=""piano-keyboard-00-blank.png""/>",[sound:piano-audio-006-05-1-bass-C1#.mp3],5,4,
D1b bass,D,1,b,bass,"<img src=""piano-score-front-009-05-1-bass-D1b.png""/>","<img src=""piano-score-back-009-05-1-bass-D1b.png""/>","<img src=""piano-keyboard-front-05-1-C1#-D1b.png""/>","<img src=""piano-keyboard-back-05-1-C1#-D1b.png""/>","<img src=""piano-keyboard-octave-back-C#-Db.png""/>","<img src=""piano-keyboard-00-blank.png""/>",[sound:piano-audio-009-05-1-bass-D1b.mp3],5,4,
D1 bass,D,1,,bass,"<img src=""piano-score-front-007-06-1-bass-D1.png""/>","<img src=""piano-score-back-007-06-1-bass-D1.png""/>","<img src=""piano-keyboard-front-06-1-D1.png""/>","<img src=""piano-keyboard-back-06-1-D1.png""/>","<img src=""piano-keyboard-octave-back-D.png""/>","<img src=""piano-keyboard-00-blank.png""/>",[sound:piano-audio-007-06-1-bass-D1.mp3],6,4,
D1# bass,D,1,#,bass,"<img src=""piano-score-front-008-07-1-bass-D1#.png""/>","<img src=""piano-score-back-008-07-1-bass-D1#.png""/>","<img src=""piano-keyboard-front-07-1-D1#-E1b.png""/>","<img src=""piano-keyboard-back-07-1-D1#-E1b.png""/>","<img src=""piano-keyboard-octave-back-D#-Eb.png""/>","<img src=""piano-keyboard-00-blank.png""/>",[sound:piano-audio-008-07-1-bass-D1#.mp3],7,4,
E1b bass,E,1,b,bass,"<img src=""piano-score-front-011-07-1-bass-E1b.png""/>","<img src=""piano-score-back-011-07-1-bass-E1b.png""/>","<img src=""piano-keyboard-front-07-1-D1#-E1b.png""/>","<img src=""piano-keyboard-back-07-1-D1#-E1b.png""/>","<img src=""piano-keyboard-octave-back-D#-Eb.png""/>","<img src=""piano-keyboard-00-blank.png""/>",[sound:piano-audio-011-07-1-bass-E1b.mp3],7,4,
E1 bass,E,1,,bass,"<img src=""piano-score-front-010-08-1-bass-E1.png""/>","<img src=""piano-score-back-010-08-1-bass-E1.png""/>","<img src=""piano-keyboard-front-08-1-E1.png""/>","<img src=""piano-keyboard-back-08-1-E1.png""/>","<img src=""piano-keyboard-octave-back-E.png""/>","<img src=""piano-keyboard-00-blank.png""/>",[sound:piano-audio-010-08-1-bass-E1.mp3],8,4,
F1 bass,F,1,,bass,"<img src=""piano-score-front-012-09-1-bass-F1.png""/>","<img src=""piano-score-back-012-09-1-bass-F1.png""/>","<img src=""piano-keyboard-front-09-1-F1.png""/>","<img src=""piano-keyboard-back-09-1-F1.png""/>","<img src=""piano-keyboard-octave-back-F.png""/>","<img src=""piano-keyboard-00-blank.png""/>",[sound:piano-audio-012-09-1-bass-F1.mp3],9,4,
F1# bass,F,1,#,bass,"<img src=""piano-score-front-013-10-1-bass-F1#.png""/>","<img src=""piano-score-back-013-10-1-bass-F1#.png""/>","<img src=""piano-keyboard-front-10-1-F1#-G1b.png""/>","<img src=""piano-keyboard-back-10-1-F1#-G1b.png""/>","<img src=""piano-keyboard-octave-back-F#-Gb.png""/>","<img src=""piano-keyboard-00-blank.png""/>",[sound:piano-audio-013-10-1-bass-F1#.mp3],10,4,
G1b bass,G,1,b,bass,"<img src=""piano-score-front-016-10-1-bass-G1b.png""/>","<img src=""piano-score-back-016-10-1-bass-G1b.png""/>","<img src=""piano-keyboard-front-10-1-F1#-G1b.png""/>","<img src=""piano-keyboard-back-10-1-F1#-G1b.png""/>","<img src=""piano-keyboard-octave-back-F#-Gb.png""/>","<img src=""piano-keyboard-00-blank.png""/>",[sound:piano-audio-016-10-1-bass-G1b.mp3],10,4,
G1 bass,G,1,,bass,"<img src=""piano-score-front-014-11-1-bass-G1.png""/>","<img src=""piano-score-back-014-11-1-bass-G1.png""/>","<img src=""piano-keyboard-front-11-1-G1.png""/>","<img src=""piano-keyboard-back-11-1-G1.png""/>","<img src=""piano-keyboard-octave-back-G.png""/>","<img src=""piano-keyboard-00-blank.png""/>",[sound:piano-audio-014-11-1-bass-G1.mp3],11,4,
G1# bass,G,1,#,bass,"<img src=""piano-score-front-015-12-1-bass-G1#.png""/>","<img src=""piano-score-back-015-12-1-bass-G1#.png""/>","<img src=""piano-keyboard-front-12-1-G1#-A1b.png""/>","<img src=""piano-keyboard-back-12-1-G1#-A1b.png""/>","<img src=""piano-keyboard-octave-back-G#-Ab.png""/>","<img src=""piano-keyboard-00-blank.png""/>",[sound:piano-audio-015-12-1-bass-G1#.mp3],12,4,
A1b bass,A,1,b,bass,"<img src=""piano-score-front-019-12-1-bass-A1b.png""/>","<img src=""piano-score-back-019-12-1-bass-A1b.png""/>","<img src=""piano-keyboard-front-12-1-G1#-A1b.png""/>","<img src=""piano-keyboard-back-12-1-G1#-A1b.png""/>","<img src=""piano-keyboard-octave-back-G#-Ab.png""/>","<img src=""piano-keyboard-00-blank.png""/>",[sound:piano-audio-019-12-1-bass-A1b.mp3],12,4,
A1 bass,A,1,,bass,"<img src=""piano-score-front-017-13-1-bass-A1.png""/>","<img src=""piano-score-back-017-13-1-bass-A1.png""/>","<img src=""piano-keyboard-front-13-1-A1.png""/>","<img src=""piano-keyboard-back-13-1-A1.png""/>","<img src=""piano-keyboard-octave-back-A.png""/>","<img src=""piano-keyboard-00-blank.png""/>",[sound:piano-audio-017-13-1-bass-A1.mp3],13,4,
A1# bass,A,1,#,bass,"<img src=""piano-score-front-018-14-1-bass-A1#.png""/>","<img src=""piano-score-back-018-14-1-bass-A1#.png""/>","<img src=""piano-keyboard-front-14-1-A1#-B1b.png""/>","<img src=""piano-keyboard-back-14-1-A1#-B1b.png""/>","<img src=""piano-keyboard-octave-back-A#-Bb.png""/>","<img src=""piano-keyboard-00-blank.png""/>",[sound:piano-audio-018-14-1-bass-A1#.mp3],14,4,
B1b bass,B,1,b,bass,"<img src=""piano-score-front-021-14-1-bass-B1b.png""/>","<img src=""piano-score-back-021-14-1-bass-B1b.png""/>","<img src=""piano-keyboard-front-14-1-A1#-B1b.png""/>","<img src=""piano-keyboard-back-14-1-A1#-B1b.png""/>","<img src=""piano-keyboard-octave-back-A#-Bb.png""/>","<img src=""piano-keyboard-00-blank.png""/>",[sound:piano-audio-021-14-1-bass-B1b.mp3],14,4,
B1 bass,B,1,,bass,"<img src=""piano-score-front-020-15-1-bass-B1.png""/>","<img src=""piano-score-back-020-15-1-bass-B1.png""/>","<img src=""piano-keyboard-front-15-1-B1.png""/>","<img src=""piano-keyboard-back-15-1-B1.png""/>","<img src=""piano-keyboard-octave-back-B.png""/>","<img src=""piano-keyboard-00-blank.png""/>",[sound:piano-audio-020-15-1-bass-B1.mp3],15,4,
C2 bass,C,2,,bass,"<img src=""piano-score-front-022-16-2-bass-C2.png""/>","<img src=""piano-score-back-022-16-2-bass-C2.png""/>","<img src=""piano-keyboard-front-16-2-C2.png""/>","<img src=""piano-keyboard-back-16-2-C2.png""/>","<img src=""piano-keyboard-octave-back-C.png""/>","<img src=""piano-keyboard-00-blank.png""/>",[sound:piano-audio-022-16-2-bass-C2.mp3],16,2,
C2# bass,C,2,#,bass,"<img src=""piano-score-front-023-17-2-bass-C2#.png""/>","<img src=""piano-score-back-023-17-2-bass-C2#.png""/>","<img src=""piano-keyboard-front-17-2-C2#-D2b.png""/>","<img src=""piano-keyboard-back-17-2-C2#-D2b.png""/>","<img src=""piano-keyboard-octave-back-C#-Db.png""/>","<img src=""piano-keyboard-00-blank.png""/>",[sound:piano-audio-023-17-2-bass-C2#.mp3],17,2,
D2b bass,D,2,b,bass,"<img src=""piano-score-front-026-17-2-bass-D2b.png""/>","<img src=""piano-score-back-026-17-2-bass-D2b.png""/>","<img src=""piano-keyboard-front-17-2-C2#-D2b.png""/>","<img src=""piano-keyboard-back-17-2-C2#-D2b.png""/>","<img src=""piano-keyboard-octave-back-C#-Db.png""/>","<img src=""piano-keyboard-00-blank.png""/>",[sound:piano-audio-026-17-2-bass-D2b.mp3],17,2,
D2 bass,D,2,,bass,"<img src=""piano-score-front-024-18-2-bass-D2.png""/>","<img src=""piano-score-back-024-18-2-bass-D2.png""/>","<img src=""piano-keyboard-front-18-2-D2.png""/>","<img src=""piano-keyboard-back-18-2-D2.png""/>","<img src=""piano-keyboard-octave-back-D.png""/>","<img src=""piano-keyboard-00-blank.png""/>",[sound:piano-audio-024-18-2-bass-D2.mp3],18,2,
D2# bass,D,2,#,bass,"<img src=""piano-score-front-025-19-2-bass-D2#.png""/>","<img src=""piano-score-back-025-19-2-bass-D2#.png""/>","<img src=""piano-keyboard-front-19-2-D2#-E2b.png""/>","<img src=""piano-keyboard-back-19-2-D2#-E2b.png""/>","<img src=""piano-keyboard-octave-back-D#-Eb.png""/>","<img src=""piano-keyboard-00-blank.png""/>",[sound:piano-audio-025-19-2-bass-D2#.mp3],19,2,
E2b bass,E,2,b,bass,"<img src=""piano-score-front-028-19-2-bass-E2b.png""/>","<img src=""piano-score-back-028-19-2-bass-E2b.png""/>","<img src=""piano-keyboard-front-19-2-D2#-E2b.png""/>","<img src=""piano-keyboard-back-19-2-D2#-E2b.png""/>","<img src=""piano-keyboard-octave-back-D#-Eb.png""/>","<img src=""piano-keyboard-00-blank.png""/>",[sound:piano-audio-028-19-2-bass-E2b.mp3],19,2,
E2 bass,E,2,,bass,"<img src=""piano-score-front-027-20-2-bass-E2.png""/>","<img src=""piano-score-back-027-20-2-bass-E2.png""/>","<img src=""piano-keyboard-front-20-2-E2.png""/>","<img src=""piano-keyboard-back-20-2-E2.png""/>","<img src=""piano-keyboard-octave-back-E.png""/>","<img src=""piano-keyboard-00-blank.png""/>",[sound:piano-audio-027-20-2-bass-E2.mp3],20,2,
F2 bass,F,2,,bass,"<img src=""piano-score-front-029-21-2-bass-F2.png""/>","<img src=""piano-score-back-029-21-2-bass-F2.png""/>","<img src=""piano-keyboard-front-21-2-F2.png""/>","<img src=""piano-keyboard-back-21-2-F2.png""/>","<img src=""piano-keyboard-octave-back-F.png""/>","<img src=""piano-keyboard-00-blank.png""/>",[sound:piano-audio-029-21-2-bass-F2.mp3],21,2,
F2# bass,F,2,#,bass,"<img src=""piano-score-front-030-22-2-bass-F2#.png""/>","<img src=""piano-score-back-030-22-2-bass-F2#.png""/>","<img src=""piano-keyboard-front-22-2-F2#-G2b.png""/>","<img src=""piano-keyboard-back-22-2-F2#-G2b.png""/>","<img src=""piano-keyboard-octave-back-F#-Gb.png""/>","<img src=""piano-keyboard-00-blank.png""/>",[sound:piano-audio-030-22-2-bass-F2#.mp3],22,2,
G2b bass,G,2,b,bass,"<img src=""piano-score-front-033-22-2-bass-G2b.png""/>","<img src=""piano-score-back-033-22-2-bass-G2b.png""/>","<img src=""piano-keyboard-front-22-2-F2#-G2b.png""/>","<img src=""piano-keyboard-back-22-2-F2#-G2b.png""/>","<img src=""piano-keyboard-octave-back-F#-Gb.png""/>","<img src=""piano-keyboard-00-blank.png""/>",[sound:piano-audio-033-22-2-bass-G2b.mp3],22,2,
G2 bass,G,2,,bass,"<img src=""piano-score-front-031-23-2-bass-G2.png""/>","<img src=""piano-score-back-031-23-2-bass-G2.png""/>","<img src=""piano-keyboard-front-23-2-G2.png""/>","<img src=""piano-keyboard-back-23-2-G2.png""/>","<img src=""piano-keyboard-octave-back-G.png""/>","<img src=""piano-keyboard-00-blank.png""/>",[sound:piano-audio-031-23-2-bass-G2.mp3],23,2,
G2# bass,G,2,#,bass,"<img src=""piano-score-front-032-24-2-bass-G2#.png""/>","<img src=""piano-score-back-032-24-2-bass-G2#.png""/>","<img src=""piano-keyboard-front-24-2-G2#-A2b.png""/>","<img src=""piano-keyboard-back-24-2-G2#-A2b.png""/>","<img src=""piano-keyboard-octave-back-G#-Ab.png""/>","<img src=""piano-keyboard-00-blank.png""/>",[sound:piano-audio-032-24-2-bass-G2#.mp3],24,2,
A2b bass,A,2,b,bass,"<img src=""piano-score-front-036-24-2-bass-A2b.png""/>","<img src=""piano-score-back-036-24-2-bass-A2b.png""/>","<img src=""piano-keyboard-front-24-2-G2#-A2b.png""/>","<img src=""piano-keyboard-back-24-2-G2#-A2b.png""/>","<img src=""piano-keyboard-octave-back-G#-Ab.png""/>","<img src=""piano-keyboard-00-blank.png""/>",[sound:piano-audio-036-24-2-bass-A2b.mp3],24,2,
A2 bass,A,2,,bass,"<img src=""piano-score-front-034-25-2-bass-A2.png""/>","<img src=""piano-score-back-034-25-2-bass-A2.png""/>","<img src=""piano-keyboard-front-25-2-A2.png""/>","<img src=""piano-keyboard-back-25-2-A2.png""/>","<img src=""piano-keyboard-octave-back-A.png""/>","<img src=""piano-keyboard-00-blank.png""/>",[sound:piano-audio-034-25-2-bass-A2.mp3],25,2,
A2# bass,A,2,#,bass,"<img src=""piano-score-front-035-26-2-bass-A2#.png""/>","<img src=""piano-score-back-035-26-2-bass-A2#.png""/>","<img src=""piano-keyboard-front-26-2-A2#-B2b.png""/>","<img src=""piano-keyboard-back-26-2-A2#-B2b.png""/>","<img src=""piano-keyboard-octave-back-A#-Bb.png""/>","<img src=""piano-keyboard-00-blank.png""/>",[sound:piano-audio-035-26-2-bass-A2#.mp3],26,2,
B2b bass,B,2,b,bass,"<img src=""piano-score-front-038-26-2-bass-B2b.png""/>","<img src=""piano-score-back-038-26-2-bass-B2b.png""/>","<img src=""piano-keyboard-front-26-2-A2#-B2b.png""/>","<img src=""piano-keyboard-back-26-2-A2#-B2b.png""/>","<img src=""piano-keyboard-octave-back-A#-Bb.png""/>","<img src=""piano-keyboard-00-blank.png""/>",[sound:piano-audio-038-26-2-bass-B2b.mp3],26,2,
B2 bass,B,2,,bass,"<img src=""piano-score-front-037-27-2-bass-B2.png""/>","<img src=""piano-score-back-037-27-2-bass-B2.png""/>","<img src=""piano-keyboard-front-27-2-B2.png""/>","<img src=""piano-keyboard-back-27-2-B2.png""/>","<img src=""piano-keyboard-octave-back-B.png""/>","<img src=""piano-keyboard-00-blank.png""/>",[sound:piano-audio-037-27-2-bass-B2.mp3],27,2,
C3 treble,C,3,,treble,"<img src=""piano-score-front-039-28-3-treble-C3.png""/>","<img src=""piano-score-back-039-28-3-treble-C3.png""/>","<img src=""piano-keyboard-front-28-3-C3.png""/>","<img src=""piano-keyboard-back-28-3-C3.png""/>","<img src=""piano-keyboard-octave-back-C.png""/>","<img src=""piano-keyboard-00-blank.png""/>",[sound:piano-audio-039-28-3-treble-C3.mp3],28,3,
C3# treble,C,3,#,treble,"<img src=""piano-score-front-040-29-3-treble-C3#.png""/>","<img src=""piano-score-back-040-29-3-treble-C3#.png""/>","<img src=""piano-keyboard-front-29-3-C3#-D3b.png""/>","<img src=""piano-keyboard-back-29-3-C3#-D3b.png""/>","<img src=""piano-keyboard-octave-back-C#-Db.png""/>","<img src=""piano-keyboard-00-blank.png""/>",[sound:piano-audio-040-29-3-treble-C3#.mp3],29,3,
D3b treble,D,3,b,treble,"<img src=""piano-score-front-043-29-3-treble-D3b.png""/>","<img src=""piano-score-back-043-29-3-treble-D3b.png""/>","<img src=""piano-keyboard-front-29-3-C3#-D3b.png""/>","<img src=""piano-keyboard-back-29-3-C3#-D3b.png""/>","<img src=""piano-keyboard-octave-back-C#-Db.png""/>","<img src=""piano-keyboard-00-blank.png""/>",[sound:piano-audio-043-29-3-treble-D3b.mp3],29,3,
D3 treble,D,3,,treble,"<img src=""piano-score-front-041-30-3-treble-D3.png""/>","<img src=""piano-score-back-041-30-3-treble-D3.png""/>","<img src=""piano-keyboard-front-30-3-D3.png""/>","<img src=""piano-keyboard-back-30-3-D3.png""/>","<img src=""piano-keyboard-octave-back-D.png""/>","<img src=""piano-keyboard-00-blank.png""/>",[sound:piano-audio-041-30-3-treble-D3.mp3],30,3,
D3# treble,D,3,#,treble,"<img src=""piano-score-front-042-31-3-treble-D3#.png""/>","<img src=""piano-score-back-042-31-3-treble-D3#.png""/>","<img src=""piano-keyboard-front-31-3-D3#-E3b.png""/>","<img src=""piano-keyboard-back-31-3-D3#-E3b.png""/>","<img src=""piano-keyboard-octave-back-D#-Eb.png""/>","<img src=""piano-keyboard-00-blank.png""/>",[sound:piano-audio-042-31-3-treble-D3#.mp3],31,3,
E3b treble,E,3,b,treble,"<img src=""piano-score-front-045-31-3-treble-E3b.png""/>","<img src=""piano-score-back-045-31-3-treble-E3b.png""/>","<img src=""piano-keyboard-front-31-3-D3#-E3b.png""/>","<img src=""piano-keyboard-back-31-3-D3#-E3b.png""/>","<img src=""piano-keyboard-octave-back-D#-Eb.png""/>","<img src=""piano-keyboard-00-blank.png""/>",[sound:piano-audio-045-31-3-treble-E3b.mp3],31,3,
E3 treble,E,3,,treble,"<img src=""piano-score-front-044-32-3-treble-E3.png""/>","<img src=""piano-score-back-044-32-3-treble-E3.png""/>","<img src=""piano-keyboard-front-32-3-E3.png""/>","<img src=""piano-keyboard-back-32-3-E3.png""/>","<img src=""piano-keyboard-octave-back-E.png""/>","<img src=""piano-keyboard-00-blank.png""/>",[sound:piano-audio-044-32-3-treble-E3.mp3],32,3,
F3 treble,F,3,,treble,"<img src=""piano-score-front-046-33-3-treble-F3.png""/>","<img src=""piano-score-back-046-33-3-treble-F3.png""/>","<img src=""piano-keyboard-front-33-3-F3.png""/>","<img src=""piano-keyboard-back-33-3-F3.png""/>","<img src=""piano-keyboard-octave-back-F.png""/>","<img src=""piano-keyboard-00-blank.png""/>",[sound:piano-audio-046-33-3-treble-F3.mp3],33,3,
F3# treble,F,3,#,treble,"<img src=""piano-score-front-047-34-3-treble-F3#.png""/>","<img src=""piano-score-back-047-34-3-treble-F3#.png""/>","<img src=""piano-keyboard-front-34-3-F3#-G3b.png""/>","<img src=""piano-keyboard-back-34-3-F3#-G3b.png""/>","<img src=""piano-keyboard-octave-back-F#-Gb.png""/>","<img src=""piano-keyboard-00-blank.png""/>",[sound:piano-audio-047-34-3-treble-F3#.mp3],34,3,
G3b treble,G,3,b,treble,"<img src=""piano-score-front-050-34-3-treble-G3b.png""/>","<img src=""piano-score-back-050-34-3-treble-G3b.png""/>","<img src=""piano-keyboard-front-34-3-F3#-G3b.png""/>","<img src=""piano-keyboard-back-34-3-F3#-G3b.png""/>","<img src=""piano-keyboard-octave-back-F#-Gb.png""/>","<img src=""piano-keyboard-00-blank.png""/>",[sound:piano-audio-050-34-3-treble-G3b.mp3],34,3,
G3 treble,G,3,,treble,"<img src=""piano-score-front-048-35-3-treble-G3.png""/>","<img src=""piano-score-back-048-35-3-treble-G3.png""/>","<img src=""piano-keyboard-front-35-3-G3.png""/>","<img src=""piano-keyboard-back-35-3-G3.png""/>","<img src=""piano-keyboard-octave-back-G.png""/>","<img src=""piano-keyboard-00-blank.png""/>",[sound:piano-audio-048-35-3-treble-G3.mp3],35,3,
G3# treble,G,3,#,treble,"<img src=""piano-score-front-049-36-3-treble-G3#.png""/>","<img src=""piano-score-back-049-36-3-treble-G3#.png""/>","<img src=""piano-keyboard-front-36-3-G3#-A3b.png""/>","<img src=""piano-keyboard-back-36-3-G3#-A3b.png""/>","<img src=""piano-keyboard-octave-back-G#-Ab.png""/>","<img src=""piano-keyboard-00-blank.png""/>",[sound:piano-audio-049-36-3-treble-G3#.mp3],36,3,
A3b treble,A,3,b,treble,"<img src=""piano-score-front-053-36-3-treble-A3b.png""/>","<img src=""piano-score-back-053-36-3-treble-A3b.png""/>","<img src=""piano-keyboard-front-36-3-G3#-A3b.png""/>","<img src=""piano-keyboard-back-36-3-G3#-A3b.png""/>","<img src=""piano-keyboard-octave-back-G#-Ab.png""/>","<img src=""piano-keyboard-00-blank.png""/>",[sound:piano-audio-053-36-3-treble-A3b.mp3],36,3,
A3 treble,A,3,,treble,"<img src=""piano-score-front-051-37-3-treble-A3.png""/>","<img src=""piano-score-back-051-37-3-treble-A3.png""/>","<img src=""piano-keyboard-front-37-3-A3.png""/>","<img src=""piano-keyboard-back-37-3-A3.png""/>","<img src=""piano-keyboard-octave-back-A.png""/>","<img src=""piano-keyboard-00-blank.png""/>",[sound:piano-audio-051-37-3-treble-A3.mp3],37,3,
A3# treble,A,3,#,treble,"<img src=""piano-score-front-052-38-3-treble-A3#.png""/>","<img src=""piano-score-back-052-38-3-treble-A3#.png""/>","<img src=""piano-keyboard-front-38-3-A3#-B3b.png""/>","<img src=""piano-keyboard-back-38-3-A3#-B3b.png""/>","<img src=""piano-keyboard-octave-back-A#-Bb.png""/>","<img src=""piano-keyboard-00-blank.png""/>",[sound:piano-audio-052-38-3-treble-A3#.mp3],38,3,
B3b treble,B,3,b,treble,"<img src=""piano-score-front-055-38-3-treble-B3b.png""/>","<img src=""piano-score-back-055-38-3-treble-B3b.png""/>","<img src=""piano-keyboard-front-38-3-A3#-B3b.png""/>","<img src=""piano-keyboard-back-38-3-A3#-B3b.png""/>","<img src=""piano-keyboard-octave-back-A#-Bb.png""/>","<img src=""piano-keyboard-00-blank.png""/>",[sound:piano-audio-055-38-3-treble-B3b.mp3],38,3,
B3 treble,B,3,,treble,"<img src=""piano-score-front-054-39-3-treble-B3.png""/>","<img src=""piano-score-back-054-39-3-treble-B3.png""/>","<img src=""piano-keyboard-front-39-3-B3.png""/>","<img src=""piano-keyboard-back-39-3-B3.png""/>","<img src=""piano-keyboard-octave-back-B.png""/>","<img src=""piano-keyboard-00-blank.png""/>",[sound:piano-audio-054-39-3-treble-B3.mp3],39,3,
C3 bass,C,3,,bass,"<img src=""piano-score-front-056-28-3-bass-C3.png""/>","<img src=""piano-score-back-056-28-3-bass-C3.png""/>","<img src=""piano-keyboard-front-28-3-C3.png""/>","<img src=""piano-keyboard-back-28-3-C3.png""/>","<img src=""piano-keyboard-octave-back-C.png""/>","<img src=""piano-keyboard-00-blank.png""/>",[sound:piano-audio-056-28-3-bass-C3.mp3],28,1,
C3# bass,C,3,#,bass,"<img src=""piano-score-front-057-29-3-bass-C3#.png""/>","<img src=""piano-score-back-057-29-3-bass-C3#.png""/>","<img src=""piano-keyboard-front-29-3-C3#-D3b.png""/>","<img src=""piano-keyboard-back-29-3-C3#-D3b.png""/>","<img src=""piano-keyboard-octave-back-C#-Db.png""/>","<img src=""piano-keyboard-00-blank.png""/>",[sound:piano-audio-057-29-3-bass-C3#.mp3],29,1,
D3b bass,D,3,b,bass,"<img src=""piano-score-front-060-29-3-bass-D3b.png""/>","<img src=""piano-score-back-060-29-3-bass-D3b.png""/>","<img src=""piano-keyboard-front-29-3-C3#-D3b.png""/>","<img src=""piano-keyboard-back-29-3-C3#-D3b.png""/>","<img src=""piano-keyboard-octave-back-C#-Db.png""/>","<img src=""piano-keyboard-00-blank.png""/>",[sound:piano-audio-060-29-3-bass-D3b.mp3],29,1,
D3 bass,D,3,,bass,"<img src=""piano-score-front-058-30-3-bass-D3.png""/>","<img src=""piano-score-back-058-30-3-bass-D3.png""/>","<img src=""piano-keyboard-front-30-3-D3.png""/>","<img src=""piano-keyboard-back-30-3-D3.png""/>","<img src=""piano-keyboard-octave-back-D.png""/>","<img src=""piano-keyboard-00-blank.png""/>",[sound:piano-audio-058-30-3-bass-D3.mp3],30,1,
D3# bass,D,3,#,bass,"<img src=""piano-score-front-059-31-3-bass-D3#.png""/>","<img src=""piano-score-back-059-31-3-bass-D3#.png""/>","<img src=""piano-keyboard-front-31-3-D3#-E3b.png""/>","<img src=""piano-keyboard-back-31-3-D3#-E3b.png""/>","<img src=""piano-keyboard-octave-back-D#-Eb.png""/>","<img src=""piano-keyboard-00-blank.png""/>",[sound:piano-audio-059-31-3-bass-D3#.mp3],31,1,
E3b bass,E,3,b,bass,"<img src=""piano-score-front-062-31-3-bass-E3b.png""/>","<img src=""piano-score-back-062-31-3-bass-E3b.png""/>","<img src=""piano-keyboard-front-31-3-D3#-E3b.png""/>","<img src=""piano-keyboard-back-31-3-D3#-E3b.png""/>","<img src=""piano-keyboard-octave-back-D#-Eb.png""/>","<img src=""piano-keyboard-00-blank.png""/>",[sound:piano-audio-062-31-3-bass-E3b.mp3],31,1,
E3 bass,E,3,,bass,"<img src=""piano-score-front-061-32-3-bass-E3.png""/>","<img src=""piano-score-back-061-32-3-bass-E3.png""/>","<img src=""piano-keyboard-front-32-3-E3.png""/>","<img src=""piano-keyboard-back-32-3-E3.png""/>","<img src=""piano-keyboard-octave-back-E.png""/>","<img src=""piano-keyboard-00-blank.png""/>",[sound:piano-audio-061-32-3-bass-E3.mp3],32,1,
F3 bass,F,3,,bass,"<img src=""piano-score-front-063-33-3-bass-F3.png""/>","<img src=""piano-score-back-063-33-3-bass-F3.png""/>","<img src=""piano-keyboard-front-33-3-F3.png""/>","<img src=""piano-keyboard-back-33-3-F3.png""/>","<img src=""piano-keyboard-octave-back-F.png""/>","<img src=""piano-keyboard-00-blank.png""/>",[sound:piano-audio-063-33-3-bass-F3.mp3],33,1,
F3# bass,F,3,#,bass,"<img src=""piano-score-front-064-34-3-bass-F3#.png""/>","<img src=""piano-score-back-064-34-3-bass-F3#.png""/>","<img src=""piano-keyboard-front-34-3-F3#-G3b.png""/>","<img src=""piano-keyboard-back-34-3-F3#-G3b.png""/>","<img src=""piano-keyboard-octave-back-F#-Gb.png""/>","<img src=""piano-keyboard-00-blank.png""/>",[sound:piano-audio-064-34-3-bass-F3#.mp3],34,1,
G3b bass,G,3,b,bass,"<img src=""piano-score-front-067-34-3-bass-G3b.png""/>","<img src=""piano-score-back-067-34-3-bass-G3b.png""/>","<img src=""piano-keyboard-front-34-3-F3#-G3b.png""/>","<img src=""piano-keyboard-back-34-3-F3#-G3b.png""/>","<img src=""piano-keyboard-octave-back-F#-Gb.png""/>","<img src=""piano-keyboard-00-blank.png""/>",[sound:piano-audio-067-34-3-bass-G3b.mp3],34,1,
G3 bass,G,3,,bass,"<img src=""piano-score-front-065-35-3-bass-G3.png""/>","<img src=""piano-score-back-065-35-3-bass-G3.png""/>","<img src=""piano-keyboard-front-35-3-G3.png""/>","<img src=""piano-keyboard-back-35-3-G3.png""/>","<img src=""piano-keyboard-octave-back-G.png""/>","<img src=""piano-keyboard-00-blank.png""/>",[sound:piano-audio-065-35-3-bass-G3.mp3],35,1,
G3# bass,G,3,#,bass,"<img src=""piano-score-front-066-36-3-bass-G3#.png""/>","<img src=""piano-score-back-066-36-3-bass-G3#.png""/>","<img src=""piano-keyboard-front-36-3-G3#-A3b.png""/>","<img src=""piano-keyboard-back-36-3-G3#-A3b.png""/>","<img src=""piano-keyboard-octave-back-G#-Ab.png""/>","<img src=""piano-keyboard-00-blank.png""/>",[sound:piano-audio-066-36-3-bass-G3#.mp3],36,1,
A3b bass,A,3,b,bass,"<img src=""piano-score-front-070-36-3-bass-A3b.png""/>","<img src=""piano-score-back-070-36-3-bass-A3b.png""/>","<img src=""piano-keyboard-front-36-3-G3#-A3b.png""/>","<img src=""piano-keyboard-back-36-3-G3#-A3b.png""/>","<img src=""piano-keyboard-octave-back-G#-Ab.png""/>","<img src=""piano-keyboard-00-blank.png""/>",[sound:piano-audio-070-36-3-bass-A3b.mp3],36,1,
A3 bass,A,3,,bass,"<img src=""piano-score-front-068-37-3-bass-A3.png""/>","<img src=""piano-score-back-068-37-3-bass-A3.png""/>","<img src=""piano-keyboard-front-37-3-A3.png""/>","<img src=""piano-keyboard-back-37-3-A3.png""/>","<img src=""piano-keyboard-octave-back-A.png""/>","<img src=""piano-keyboard-00-blank.png""/>",[sound:piano-audio-068-37-3-bass-A3.mp3],37,1,
A3# bass,A,3,#,bass,"<img src=""piano-score-front-069-38-3-bass-A3#.png""/>","<img src=""piano-score-back-069-38-3-bass-A3#.png""/>","<img src=""piano-keyboard-front-38-3-A3#-B3b.png""/>","<img src=""piano-keyboard-back-38-3-A3#-B3b.png""/>","<img src=""piano-keyboard-octave-back-A#-Bb.png""/>","<img src=""piano-keyboard-00-blank.png""/>",[sound:piano-audio-069-38-3-bass-A3#.mp3],38,1,
B3b bass,B,3,b,bass,"<img src=""piano-score-front-072-38-3-bass-B3b.png""/>","<img src=""piano-score-back-072-38-3-bass-B3b.png""/>","<img src=""piano-keyboard-front-38-3-A3#-B3b.png""/>","<img src=""piano-keyboard-back-38-3-A3#-B3b.png""/>","<img src=""piano-keyboard-octave-back-A#-Bb.png""/>","<img src=""piano-keyboard-00-blank.png""/>",[sound:piano-audio-072-38-3-bass-B3b.mp3],38,1,
B3 bass,B,3,,bass,"<img src=""piano-score-front-071-39-3-bass-B3.png""/>","<img src=""piano-score-back-071-39-3-bass-B3.png""/>","<img src=""piano-keyboard-front-39-3-B3.png""/>","<img src=""piano-keyboard-back-39-3-B3.png""/>","<img src=""piano-keyboard-octave-back-B.png""/>","<img src=""piano-keyboard-00-blank.png""/>",[sound:piano-audio-071-39-3-bass-B3.mp3],39,1,
C4 treble,C,4,,treble,"<img src=""piano-score-front-073-40-4-treble-C4.png""/>","<img src=""piano-score-back-073-40-4-treble-C4.png""/>","<img src=""piano-keyboard-front-40-4-C4.png""/>","<img src=""piano-keyboard-back-40-4-C4.png""/>","<img src=""piano-keyboard-octave-back-C.png""/>","<img src=""piano-keyboard-00-blank.png""/>",[sound:piano-audio-073-40-4-treble-C4.mp3],40,0,
C4# treble,C,4,#,treble,"<img src=""piano-score-front-074-41-4-treble-C4#.png""/>","<img src=""piano-score-back-074-41-4-treble-C4#.png""/>","<img src=""piano-keyboard-front-41-4-C4#-D4b.png""/>","<img src=""piano-keyboard-back-41-4-C4#-D4b.png""/>","<img src=""piano-keyboard-octave-back-C#-Db.png""/>","<img src=""piano-keyboard-00-blank.png""/>",[sound:piano-audio-074-41-4-treble-C4#.mp3],41,0,
D4b treble,D,4,b,treble,"<img src=""piano-score-front-077-41-4-treble-D4b.png""/>","<img src=""piano-score-back-077-41-4-treble-D4b.png""/>","<img src=""piano-keyboard-front-41-4-C4#-D4b.png""/>","<img src=""piano-keyboard-back-41-4-C4#-D4b.png""/>","<img src=""piano-keyboard-octave-back-C#-Db.png""/>","<img src=""piano-keyboard-00-blank.png""/>",[sound:piano-audio-077-41-4-treble-D4b.mp3],41,0,
D4 treble,D,4,,treble,"<img src=""piano-score-front-075-42-4-treble-D4.png""/>","<img src=""piano-score-back-075-42-4-treble-D4.png""/>","<img src=""piano-keyboard-front-42-4-D4.png""/>","<img src=""piano-keyboard-back-42-4-D4.png""/>","<img src=""piano-keyboard-octave-back-D.png""/>","<img src=""piano-keyboard-00-blank.png""/>",[sound:piano-audio-075-42-4-treble-D4.mp3],42,0,
D4# treble,D,4,#,treble,"<img src=""piano-score-front-076-43-4-treble-D4#.png""/>","<img src=""piano-score-back-076-43-4-treble-D4#.png""/>","<img src=""piano-keyboard-front-43-4-D4#-E4b.png""/>","<img src=""piano-keyboard-back-43-4-D4#-E4b.png""/>","<img src=""piano-keyboard-octave-back-D#-Eb.png""/>","<img src=""piano-keyboard-00-blank.png""/>",[sound:piano-audio-076-43-4-treble-D4#.mp3],43,0,
E4b treble,E,4,b,treble,"<img src=""piano-score-front-079-43-4-treble-E4b.png""/>","<img src=""piano-score-back-079-43-4-treble-E4b.png""/>","<img src=""piano-keyboard-front-43-4-D4#-E4b.png""/>","<img src=""piano-keyboard-back-43-4-D4#-E4b.png""/>","<img src=""piano-keyboard-octave-back-D#-Eb.png""/>","<img src=""piano-keyboard-00-blank.png""/>",[sound:piano-audio-079-43-4-treble-E4b.mp3],43,0,
E4 treble,E,4,,treble,"<img src=""piano-score-front-078-44-4-treble-E4.png""/>","<img src=""piano-score-back-078-44-4-treble-E4.png""/>","<img src=""piano-keyboard-front-44-4-E4.png""/>","<img src=""piano-keyboard-back-44-4-E4.png""/>","<img src=""piano-keyboard-octave-back-E.png""/>","<img src=""piano-keyboard-00-blank.png""/>",[sound:piano-audio-078-44-4-treble-E4.mp3],44,0,
F4 treble,F,4,,treble,"<img src=""piano-score-front-080-45-4-treble-F4.png""/>","<img src=""piano-score-back-080-45-4-treble-F4.png""/>","<img src=""piano-keyboard-front-45-4-F4.png""/>","<img src=""piano-keyboard-back-45-4-F4.png""/>","<img src=""piano-keyboard-octave-back-F.png""/>","<img src=""piano-keyboard-00-blank.png""/>",[sound:piano-audio-080-45-4-treble-F4.mp3],45,0,
F4# treble,F,4,#,treble,"<img src=""piano-score-front-081-46-4-treble-F4#.png""/>","<img src=""piano-score-back-081-46-4-treble-F4#.png""/>","<img src=""piano-keyboard-front-46-4-F4#-G4b.png""/>","<img src=""piano-keyboard-back-46-4-F4#-G4b.png""/>","<img src=""piano-keyboard-octave-back-F#-Gb.png""/>","<img src=""piano-keyboard-00-blank.png""/>",[sound:piano-audio-081-46-4-treble-F4#.mp3],46,0,
G4b treble,G,4,b,treble,"<img src=""piano-score-front-084-46-4-treble-G4b.png""/>","<img src=""piano-score-back-084-46-4-treble-G4b.png""/>","<img src=""piano-keyboard-front-46-4-F4#-G4b.png""/>","<img src=""piano-keyboard-back-46-4-F4#-G4b.png""/>","<img src=""piano-keyboard-octave-back-F#-Gb.png""/>","<img src=""piano-keyboard-00-blank.png""/>",[sound:piano-audio-084-46-4-treble-G4b.mp3],46,0,
G4 treble,G,4,,treble,"<img src=""piano-score-front-082-47-4-treble-G4.png""/>","<img src=""piano-score-back-082-47-4-treble-G4.png""/>","<img src=""piano-keyboard-front-47-4-G4.png""/>","<img src=""piano-keyboard-back-47-4-G4.png""/>","<img src=""piano-keyboard-octave-back-G.png""/>","<img src=""piano-keyboard-00-blank.png""/>",[sound:piano-audio-082-47-4-treble-G4.mp3],47,0,
G4# treble,G,4,#,treble,"<img src=""piano-score-front-083-48-4-treble-G4#.png""/>","<img src=""piano-score-back-083-48-4-treble-G4#.png""/>","<img src=""piano-keyboard-front-48-4-G4#-A4b.png""/>","<img src=""piano-keyboard-back-48-4-G4#-A4b.png""/>","<img src=""piano-keyboard-octave-back-G#-Ab.png""/>","<img src=""piano-keyboard-00-blank.png""/>",[sound:piano-audio-083-48-4-treble-G4#.mp3],48,0,
A4b treble,A,4,b,treble,"<img src=""piano-score-front-087-48-4-treble-A4b.png""/>","<img src=""piano-score-back-087-48-4-treble-A4b.png""/>","<img src=""piano-keyboard-front-48-4-G4#-A4b.png""/>","<img src=""piano-keyboard-back-48-4-G4#-A4b.png""/>","<img src=""piano-keyboard-octave-back-G#-Ab.png""/>","<img src=""piano-keyboard-00-blank.png""/>",[sound:piano-audio-087-48-4-treble-A4b.mp3],48,0,
A4 treble,A,4,,treble,"<img src=""piano-score-front-085-49-4-treble-A4.png""/>","<img src=""piano-score-back-085-49-4-treble-A4.png""/>","<img src=""piano-keyboard-front-49-4-A4.png""/>","<img src=""piano-keyboard-back-49-4-A4.png""/>","<img src=""piano-keyboard-octave-back-A.png""/>","<img src=""piano-keyboard-00-blank.png""/>",[sound:piano-audio-085-49-4-treble-A4.mp3],49,0,
A4# treble,A,4,#,treble,"<img src=""piano-score-front-086-50-4-treble-A4#.png""/>","<img src=""piano-score-back-086-50-4-treble-A4#.png""/>","<img src=""piano-keyboard-front-50-4-A4#-B4b.png""/>","<img src=""piano-keyboard-back-50-4-A4#-B4b.png""/>","<img src=""piano-keyboard-octave-back-A#-Bb.png""/>","<img src=""piano-keyboard-00-blank.png""/>",[sound:piano-audio-086-50-4-treble-A4#.mp3],50,0,
B4b treble,B,4,b,treble,"<img src=""piano-score-front-089-50-4-treble-B4b.png""/>","<img src=""piano-score-back-089-50-4-treble-B4b.png""/>","<img src=""piano-keyboard-front-50-4-A4#-B4b.png""/>","<img src=""piano-keyboard-back-50-4-A4#-B4b.png""/>","<img src=""piano-keyboard-octave-back-A#-Bb.png""/>","<img src=""piano-keyboard-00-blank.png""/>",[sound:piano-audio-089-50-4-treble-B4b.mp3],50,0,
B4 treble,B,4,,treble,"<img src=""piano-score-front-088-51-4-treble-B4.png""/>","<img src=""piano-score-back-088-51-4-treble-B4.png""/>","<img src=""piano-keyboard-front-51-4-B4.png""/>","<img src=""piano-keyboard-back-51-4-B4.png""/>","<img src=""piano-keyboard-octave-back-B.png""/>","<img src=""piano-keyboard-00-blank.png""/>",[sound:piano-audio-088-51-4-treble-B4.mp3],51,0,
C4 bass,C,4,,bass,"<img src=""piano-score-front-090-40-4-bass-C4.png""/>","<img src=""piano-score-back-090-40-4-bass-C4.png""/>","<img src=""piano-keyboard-front-40-4-C4.png""/>","<img src=""piano-keyboard-back-40-4-C4.png""/>","<img src=""piano-keyboard-octave-back-C.png""/>","<img src=""piano-keyboard-00-blank.png""/>",[sound:piano-audio-090-40-4-bass-C4.mp3],40,1,
C4# bass,C,4,#,bass,"<img src=""piano-score-front-091-41-4-bass-C4#.png""/>","<img src=""piano-score-back-091-41-4-bass-C4#.png""/>","<img src=""piano-keyboard-front-41-4-C4#-D4b.png""/>","<img src=""piano-keyboard-back-41-4-C4#-D4b.png""/>","<img src=""piano-keyboard-octave-back-C#-Db.png""/>","<img src=""piano-keyboard-00-blank.png""/>",[sound:piano-audio-091-41-4-bass-C4#.mp3],41,1,
D4b bass,D,4,b,bass,"<img src=""piano-score-front-094-41-4-bass-D4b.png""/>","<img src=""piano-score-back-094-41-4-bass-D4b.png""/>","<img src=""piano-keyboard-front-41-4-C4#-D4b.png""/>","<img src=""piano-keyboard-back-41-4-C4#-D4b.png""/>","<img src=""piano-keyboard-octave-back-C#-Db.png""/>","<img src=""piano-keyboard-00-blank.png""/>",[sound:piano-audio-094-41-4-bass-D4b.mp3],41,1,
D4 bass,D,4,,bass,"<img src=""piano-score-front-092-42-4-bass-D4.png""/>","<img src=""piano-score-back-092-42-4-bass-D4.png""/>","<img src=""piano-keyboard-front-42-4-D4.png""/>","<img src=""piano-keyboard-back-42-4-D4.png""/>","<img src=""piano-keyboard-octave-back-D.png""/>","<img src=""piano-keyboard-00-blank.png""/>",[sound:piano-audio-092-42-4-bass-D4.mp3],42,1,
D4# bass,D,4,#,bass,"<img src=""piano-score-front-093-43-4-bass-D4#.png""/>","<img src=""piano-score-back-093-43-4-bass-D4#.png""/>","<img src=""piano-keyboard-front-43-4-D4#-E4b.png""/>","<img src=""piano-keyboard-back-43-4-D4#-E4b.png""/>","<img src=""piano-keyboard-octave-back-D#-Eb.png""/>","<img src=""piano-keyboard-00-blank.png""/>",[sound:piano-audio-093-43-4-bass-D4#.mp3],43,1,
E4b bass,E,4,b,bass,"<img src=""piano-score-front-096-43-4-bass-E4b.png""/>","<img src=""piano-score-back-096-43-4-bass-E4b.png""/>","<img src=""piano-keyboard-front-43-4-D4#-E4b.png""/>","<img src=""piano-keyboard-back-43-4-D4#-E4b.png""/>","<img src=""piano-keyboard-octave-back-D#-Eb.png""/>","<img src=""piano-keyboard-00-blank.png""/>",[sound:piano-audio-096-43-4-bass-E4b.mp3],43,1,
E4 bass,E,4,,bass,"<img src=""piano-score-front-095-44-4-bass-E4.png""/>","<img src=""piano-score-back-095-44-4-bass-E4.png""/>","<img src=""piano-keyboard-front-44-4-E4.png""/>","<img src=""piano-keyboard-back-44-4-E4.png""/>","<img src=""piano-keyboard-octave-back-E.png""/>","<img src=""piano-keyboard-00-blank.png""/>",[sound:piano-audio-095-44-4-bass-E4.mp3],44,1,
F4 bass,F,4,,bass,"<img src=""piano-score-front-097-45-4-bass-F4.png""/>","<img src=""piano-score-back-097-45-4-bass-F4.png""/>","<img src=""piano-keyboard-front-45-4-F4.png""/>","<img src=""piano-keyboard-back-45-4-F4.png""/>","<img src=""piano-keyboard-octave-back-F.png""/>","<img src=""piano-keyboard-00-blank.png""/>",[sound:piano-audio-097-45-4-bass-F4.mp3],45,1,
F4# bass,F,4,#,bass,"<img src=""piano-score-front-098-46-4-bass-F4#.png""/>","<img src=""piano-score-back-098-46-4-bass-F4#.png""/>","<img src=""piano-keyboard-front-46-4-F4#-G4b.png""/>","<img src=""piano-keyboard-back-46-4-F4#-G4b.png""/>","<img src=""piano-keyboard-octave-back-F#-Gb.png""/>","<img src=""piano-keyboard-00-blank.png""/>",[sound:piano-audio-098-46-4-bass-F4#.mp3],46,1,
G4b bass,G,4,b,bass,"<img src=""piano-score-front-101-46-4-bass-G4b.png""/>","<img src=""piano-score-back-101-46-4-bass-G4b.png""/>","<img src=""piano-keyboard-front-46-4-F4#-G4b.png""/>","<img src=""piano-keyboard-back-46-4-F4#-G4b.png""/>","<img src=""piano-keyboard-octave-back-F#-Gb.png""/>","<img src=""piano-keyboard-00-blank.png""/>",[sound:piano-audio-101-46-4-bass-G4b.mp3],46,1,
G4 bass,G,4,,bass,"<img src=""piano-score-front-099-47-4-bass-G4.png""/>","<img src=""piano-score-back-099-47-4-bass-G4.png""/>","<img src=""piano-keyboard-front-47-4-G4.png""/>","<img src=""piano-keyboard-back-47-4-G4.png""/>","<img src=""piano-keyboard-octave-back-G.png""/>","<img src=""piano-keyboard-00-blank.png""/>",[sound:piano-audio-099-47-4-bass-G4.mp3],47,1,
G4# bass,G,4,#,bass,"<img src=""piano-score-front-100-48-4-bass-G4#.png""/>","<img src=""piano-score-back-100-48-4-bass-G4#.png""/>","<img src=""piano-keyboard-front-48-4-G4#-A4b.png""/>","<img src=""piano-keyboard-back-48-4-G4#-A4b.png""/>","<img src=""piano-keyboard-octave-back-G#-Ab.png""/>","<img src=""piano-keyboard-00-blank.png""/>",[sound:piano-audio-100-48-4-bass-G4#.mp3],48,1,
A4b bass,A,4,b,bass,"<img src=""piano-score-front-104-48-4-bass-A4b.png""/>","<img src=""piano-score-back-104-48-4-bass-A4b.png""/>","<img src=""piano-keyboard-front-48-4-G4#-A4b.png""/>","<img src=""piano-keyboard-back-48-4-G4#-A4b.png""/>","<img src=""piano-keyboard-octave-back-G#-Ab.png""/>","<img src=""piano-keyboard-00-blank.png""/>",[sound:piano-audio-104-48-4-bass-A4b.mp3],48,1,
A4 bass,A,4,,bass,"<img src=""piano-score-front-102-49-4-bass-A4.png""/>","<img src=""piano-score-back-102-49-4-bass-A4.png""/>","<img src=""piano-keyboard-front-49-4-A4.png""/>","<img src=""piano-keyboard-back-49-4-A4.png""/>","<img src=""piano-keyboard-octave-back-A.png""/>","<img src=""piano-keyboard-00-blank.png""/>",[sound:piano-audio-102-49-4-bass-A4.mp3],49,1,
A4# bass,A,4,#,bass,"<img src=""piano-score-front-103-50-4-bass-A4#.png""/>","<img src=""piano-score-back-103-50-4-bass-A4#.png""/>","<img src=""piano-keyboard-front-50-4-A4#-B4b.png""/>","<img src=""piano-keyboard-back-50-4-A4#-B4b.png""/>","<img src=""piano-keyboard-octave-back-A#-Bb.png""/>","<img src=""piano-keyboard-00-blank.png""/>",[sound:piano-audio-103-50-4-bass-A4#.mp3],50,1,
B4b bass,B,4,b,bass,"<img src=""piano-score-front-106-50-4-bass-B4b.png""/>","<img src=""piano-score-back-106-50-4-bass-B4b.png""/>","<img src=""piano-keyboard-front-50-4-A4#-B4b.png""/>","<img src=""piano-keyboard-back-50-4-A4#-B4b.png""/>","<img src=""piano-keyboard-octave-back-A#-Bb.png""/>","<img src=""piano-keyboard-00-blank.png""/>",[sound:piano-audio-106-50-4-bass-B4b.mp3],50,1,
B4 bass,B,4,,bass,"<img src=""piano-score-front-105-51-4-bass-B4.png""/>","<img src=""piano-score-back-105-51-4-bass-B4.png""/>","<img src=""piano-keyboard-front-51-4-B4.png""/>","<img src=""piano-keyboard-back-51-4-B4.png""/>","<img src=""piano-keyboard-octave-back-B.png""/>","<img src=""piano-keyboard-00-blank.png""/>",[sound:piano-audio-105-51-4-bass-B4.mp3],51,1,
C5 bass,C,5,,bass,"<img src=""piano-score-front-107-52-5-bass-C5.png""/>","<img src=""piano-score-back-107-52-5-bass-C5.png""/>","<img src=""piano-keyboard-front-52-5-C5.png""/>","<img src=""piano-keyboard-back-52-5-C5.png""/>","<img src=""piano-keyboard-octave-back-C.png""/>","<img src=""piano-keyboard-00-blank.png""/>",[sound:piano-audio-107-52-5-bass-C5.mp3],52,1,
C5# bass,C,5,#,bass,"<img src=""piano-score-front-108-53-5-bass-C5#.png""/>","<img src=""piano-score-back-108-53-5-bass-C5#.png""/>","<img src=""piano-keyboard-front-53-5-C5#-D5b.png""/>","<img src=""piano-keyboard-back-53-5-C5#-D5b.png""/>","<img src=""piano-keyboard-octave-back-C#-Db.png""/>","<img src=""piano-keyboard-00-blank.png""/>",[sound:piano-audio-108-53-5-bass-C5#.mp3],53,1,
C5 treble,C,5,,treble,"<img src=""piano-score-front-109-52-5-treble-C5.png""/>","<img src=""piano-score-back-109-52-5-treble-C5.png""/>","<img src=""piano-keyboard-front-52-5-C5.png""/>","<img src=""piano-keyboard-back-52-5-C5.png""/>","<img src=""piano-keyboard-octave-back-C.png""/>","<img src=""piano-keyboard-00-blank.png""/>",[sound:piano-audio-109-52-5-treble-C5.mp3],52,0,
C5# treble,C,5,#,treble,"<img src=""piano-score-front-110-53-5-treble-C5#.png""/>","<img src=""piano-score-back-110-53-5-treble-C5#.png""/>","<img src=""piano-keyboard-front-53-5-C5#-D5b.png""/>","<img src=""piano-keyboard-back-53-5-C5#-D5b.png""/>","<img src=""piano-keyboard-octave-back-C#-Db.png""/>","<img src=""piano-keyboard-00-blank.png""/>",[sound:piano-audio-110-53-5-treble-C5#.mp3],53,0,
D5b treble,D,5,b,treble,"<img src=""piano-score-front-113-53-5-treble-D5b.png""/>","<img src=""piano-score-back-113-53-5-treble-D5b.png""/>","<img src=""piano-keyboard-front-53-5-C5#-D5b.png""/>","<img src=""piano-keyboard-back-53-5-C5#-D5b.png""/>","<img src=""piano-keyboard-octave-back-C#-Db.png""/>","<img src=""piano-keyboard-00-blank.png""/>",[sound:piano-audio-113-53-5-treble-D5b.mp3],53,0,
D5 treble,D,5,,treble,"<img src=""piano-score-front-111-54-5-treble-D5.png""/>","<img src=""piano-score-back-111-54-5-treble-D5.png""/>","<img src=""piano-keyboard-front-54-5-D5.png""/>","<img src=""piano-keyboard-back-54-5-D5.png""/>","<img src=""piano-keyboard-octave-back-D.png""/>","<img src=""piano-keyboard-00-blank.png""/>",[sound:piano-audio-111-54-5-treble-D5.mp3],54,0,
D5# treble,D,5,#,treble,"<img src=""piano-score-front-112-55-5-treble-D5#.png""/>","<img src=""piano-score-back-112-55-5-treble-D5#.png""/>","<img src=""piano-keyboard-front-55-5-D5#-E5b.png""/>","<img src=""piano-keyboard-back-55-5-D5#-E5b.png""/>","<img src=""piano-keyboard-octave-back-D#-Eb.png""/>","<img src=""piano-keyboard-00-blank.png""/>",[sound:piano-audio-112-55-5-treble-D5#.mp3],55,0,
E5b treble,E,5,b,treble,"<img src=""piano-score-front-115-55-5-treble-E5b.png""/>","<img src=""piano-score-back-115-55-5-treble-E5b.png""/>","<img src=""piano-keyboard-front-55-5-D5#-E5b.png""/>","<img src=""piano-keyboard-back-55-5-D5#-E5b.png""/>","<img src=""piano-keyboard-octave-back-D#-Eb.png""/>","<img src=""piano-keyboard-00-blank.png""/>",[sound:piano-audio-115-55-5-treble-E5b.mp3],55,0,
E5 treble,E,5,,treble,"<img src=""piano-score-front-114-56-5-treble-E5.png""/>","<img src=""piano-score-back-114-56-5-treble-E5.png""/>","<img src=""piano-keyboard-front-56-5-E5.png""/>","<img src=""piano-keyboard-back-56-5-E5.png""/>","<img src=""piano-keyboard-octave-back-E.png""/>","<img src=""piano-keyboard-00-blank.png""/>",[sound:piano-audio-114-56-5-treble-E5.mp3],56,0,
F5 treble,F,5,,treble,"<img src=""piano-score-front-116-57-5-treble-F5.png""/>","<img src=""piano-score-back-116-57-5-treble-F5.png""/>","<img src=""piano-keyboard-front-57-5-F5.png""/>","<img src=""piano-keyboard-back-57-5-F5.png""/>","<img src=""piano-keyboard-octave-back-F.png""/>","<img src=""piano-keyboard-00-blank.png""/>",[sound:piano-audio-116-57-5-treble-F5.mp3],57,0,
F5# treble,F,5,#,treble,"<img src=""piano-score-front-117-58-5-treble-F5#.png""/>","<img src=""piano-score-back-117-58-5-treble-F5#.png""/>","<img src=""piano-keyboard-front-58-5-F5#-G5b.png""/>","<img src=""piano-keyboard-back-58-5-F5#-G5b.png""/>","<img src=""piano-keyboard-octave-back-F#-Gb.png""/>","<img src=""piano-keyboard-00-blank.png""/>",[sound:piano-audio-117-58-5-treble-F5#.mp3],58,0,
G5b treble,G,5,b,treble,"<img src=""piano-score-front-120-58-5-treble-G5b.png""/>","<img src=""piano-score-back-120-58-5-treble-G5b.png""/>","<img src=""piano-keyboard-front-58-5-F5#-G5b.png""/>","<img src=""piano-keyboard-back-58-5-F5#-G5b.png""/>","<img src=""piano-keyboard-octave-back-F#-Gb.png""/>","<img src=""piano-keyboard-00-blank.png""/>",[sound:piano-audio-120-58-5-treble-G5b.mp3],58,0,
G5 treble,G,5,,treble,"<img src=""piano-score-front-118-59-5-treble-G5.png""/>","<img src=""piano-score-back-118-59-5-treble-G5.png""/>","<img src=""piano-keyboard-front-59-5-G5.png""/>","<img src=""piano-keyboard-back-59-5-G5.png""/>","<img src=""piano-keyboard-octave-back-G.png""/>","<img src=""piano-keyboard-00-blank.png""/>",[sound:piano-audio-118-59-5-treble-G5.mp3],59,0,
G5# treble,G,5,#,treble,"<img src=""piano-score-front-119-60-5-treble-G5#.png""/>","<img src=""piano-score-back-119-60-5-treble-G5#.png""/>","<img src=""piano-keyboard-front-60-5-G5#-A5b.png""/>","<img src=""piano-keyboard-back-60-5-G5#-A5b.png""/>","<img src=""piano-keyboard-octave-back-G#-Ab.png""/>","<img src=""piano-keyboard-00-blank.png""/>",[sound:piano-audio-119-60-5-treble-G5#.mp3],60,0,
A5b treble,A,5,b,treble,"<img src=""piano-score-front-123-60-5-treble-A5b.png""/>","<img src=""piano-score-back-123-60-5-treble-A5b.png""/>","<img src=""piano-keyboard-front-60-5-G5#-A5b.png""/>","<img src=""piano-keyboard-back-60-5-G5#-A5b.png""/>","<img src=""piano-keyboard-octave-back-G#-Ab.png""/>","<img src=""piano-keyboard-00-blank.png""/>",[sound:piano-audio-123-60-5-treble-A5b.mp3],60,0,
A5 treble,A,5,,treble,"<img src=""piano-score-front-121-61-5-treble-A5.png""/>","<img src=""piano-score-back-121-61-5-treble-A5.png""/>","<img src=""piano-keyboard-front-61-5-A5.png""/>","<img src=""piano-keyboard-back-61-5-A5.png""/>","<img src=""piano-keyboard-octave-back-A.png""/>","<img src=""piano-keyboard-00-blank.png""/>",[sound:piano-audio-121-61-5-treble-A5.mp3],61,0,
A5# treble,A,5,#,treble,"<img src=""piano-score-front-122-62-5-treble-A5#.png""/>","<img src=""piano-score-back-122-62-5-treble-A5#.png""/>","<img src=""piano-keyboard-front-62-5-A5#-B5b.png""/>","<img src=""piano-keyboard-back-62-5-A5#-B5b.png""/>","<img src=""piano-keyboard-octave-back-A#-Bb.png""/>","<img src=""piano-keyboard-00-blank.png""/>",[sound:piano-audio-122-62-5-treble-A5#.mp3],62,0,
B5b treble,B,5,b,treble,"<img src=""piano-score-front-125-62-5-treble-B5b.png""/>","<img src=""piano-score-back-125-62-5-treble-B5b.png""/>","<img src=""piano-keyboard-front-62-5-A5#-B5b.png""/>","<img src=""piano-keyboard-back-62-5-A5#-B5b.png""/>","<img src=""piano-keyboard-octave-back-A#-Bb.png""/>","<img src=""piano-keyboard-00-blank.png""/>",[sound:piano-audio-125-62-5-treble-B5b.mp3],62,0,
B5 treble,B,5,,treble,"<img src=""piano-score-front-124-63-5-treble-B5.png""/>","<img src=""piano-score-back-124-63-5-treble-B5.png""/>","<img src=""piano-keyboard-front-63-5-B5.png""/>","<img src=""piano-keyboard-back-63-5-B5.png""/>","<img src=""piano-keyboard-octave-back-B.png""/>","<img src=""piano-keyboard-00-blank.png""/>",[sound:piano-audio-124-63-5-treble-B5.mp3],63,0,
C6 treble,C,6,,treble,"<img src=""piano-score-front-126-64-6-treble-C6.png""/>","<img src=""piano-score-back-126-64-6-treble-C6.png""/>","<img src=""piano-keyboard-front-64-6-C6.png""/>","<img src=""piano-keyboard-back-64-6-C6.png""/>","<img src=""piano-keyboard-octave-back-C.png""/>","<img src=""piano-keyboard-00-blank.png""/>",[sound:piano-audio-126-64-6-treble-C6.mp3],64,1,
C6# treble,C,6,#,treble,"<img src=""piano-score-front-127-65-6-treble-C6#.png""/>","<img src=""piano-score-back-127-65-6-treble-C6#.png""/>","<img src=""piano-keyboard-front-65-6-C6#-D6b.png""/>","<img src=""piano-keyboard-back-65-6-C6#-D6b.png""/>","<img src=""piano-keyboard-octave-back-C#-Db.png""/>","<img src=""piano-keyboard-00-blank.png""/>",[sound:piano-audio-127-65-6-treble-C6#.mp3],65,1,
D6b treble,D,6,b,treble,"<img src=""piano-score-front-130-65-6-treble-D6b.png""/>","<img src=""piano-score-back-130-65-6-treble-D6b.png""/>","<img src=""piano-keyboard-front-65-6-C6#-D6b.png""/>","<img src=""piano-keyboard-back-65-6-C6#-D6b.png""/>","<img src=""piano-keyboard-octave-back-C#-Db.png""/>","<img src=""piano-keyboard-00-blank.png""/>",[sound:piano-audio-130-65-6-treble-D6b.mp3],65,1,
D6 treble,D,6,,treble,"<img src=""piano-score-front-128-66-6-treble-D6.png""/>","<img src=""piano-score-back-128-66-6-treble-D6.png""/>","<img src=""piano-keyboard-front-66-6-D6.png""/>","<img src=""piano-keyboard-back-66-6-D6.png""/>","<img src=""piano-keyboard-octave-back-D.png""/>","<img src=""piano-keyboard-00-blank.png""/>",[sound:piano-audio-128-66-6-treble-D6.mp3],66,1,
D6# treble,D,6,#,treble,"<img src=""piano-score-front-129-67-6-treble-D6#.png""/>","<img src=""piano-score-back-129-67-6-treble-D6#.png""/>","<img src=""piano-keyboard-front-67-6-D6#-E6b.png""/>","<img src=""piano-keyboard-back-67-6-D6#-E6b.png""/>","<img src=""piano-keyboard-octave-back-D#-Eb.png""/>","<img src=""piano-keyboard-00-blank.png""/>",[sound:piano-audio-129-67-6-treble-D6#.mp3],67,1,
E6b treble,E,6,b,treble,"<img src=""piano-score-front-132-67-6-treble-E6b.png""/>","<img src=""piano-score-back-132-67-6-treble-E6b.png""/>","<img src=""piano-keyboard-front-67-6-D6#-E6b.png""/>","<img src=""piano-keyboard-back-67-6-D6#-E6b.png""/>","<img src=""piano-keyboard-octave-back-D#-Eb.png""/>","<img src=""piano-keyboard-00-blank.png""/>",[sound:piano-audio-132-67-6-treble-E6b.mp3],67,1,
E6 treble,E,6,,treble,"<img src=""piano-score-front-131-68-6-treble-E6.png""/>","<img src=""piano-score-back-131-68-6-treble-E6.png""/>","<img src=""piano-keyboard-front-68-6-E6.png""/>","<img src=""piano-keyboard-back-68-6-E6.png""/>","<img src=""piano-keyboard-octave-back-E.png""/>","<img src=""piano-keyboard-00-blank.png""/>",[sound:piano-audio-131-68-6-treble-E6.mp3],68,1,
F6 treble,F,6,,treble,"<img src=""piano-score-front-133-69-6-treble-F6.png""/>","<img src=""piano-score-back-133-69-6-treble-F6.png""/>","<img src=""piano-keyboard-front-69-6-F6.png""/>","<img src=""piano-keyboard-back-69-6-F6.png""/>","<img src=""piano-keyboard-octave-back-F.png""/>","<img src=""piano-keyboard-00-blank.png""/>",[sound:piano-audio-133-69-6-treble-F6.mp3],69,1,
F6# treble,F,6,#,treble,"<img src=""piano-score-front-134-70-6-treble-F6#.png""/>","<img src=""piano-score-back-134-70-6-treble-F6#.png""/>","<img src=""piano-keyboard-front-70-6-F6#-G6b.png""/>","<img src=""piano-keyboard-back-70-6-F6#-G6b.png""/>","<img src=""piano-keyboard-octave-back-F#-Gb.png""/>","<img src=""piano-keyboard-00-blank.png""/>",[sound:piano-audio-134-70-6-treble-F6#.mp3],70,1,
G6b treble,G,6,b,treble,"<img src=""piano-score-front-137-70-6-treble-G6b.png""/>","<img src=""piano-score-back-137-70-6-treble-G6b.png""/>","<img src=""piano-keyboard-front-70-6-F6#-G6b.png""/>","<img src=""piano-keyboard-back-70-6-F6#-G6b.png""/>","<img src=""piano-keyboard-octave-back-F#-Gb.png""/>","<img src=""piano-keyboard-00-blank.png""/>",[sound:piano-audio-137-70-6-treble-G6b.mp3],70,1,
G6 treble,G,6,,treble,"<img src=""piano-score-front-135-71-6-treble-G6.png""/>","<img src=""piano-score-back-135-71-6-treble-G6.png""/>","<img src=""piano-keyboard-front-71-6-G6.png""/>","<img src=""piano-keyboard-back-71-6-G6.png""/>","<img src=""piano-keyboard-octave-back-G.png""/>","<img src=""piano-keyboard-00-blank.png""/>",[sound:piano-audio-135-71-6-treble-G6.mp3],71,1,
G6# treble,G,6,#,treble,"<img src=""piano-score-front-136-72-6-treble-G6#.png""/>","<img src=""piano-score-back-136-72-6-treble-G6#.png""/>","<img src=""piano-keyboard-front-72-6-G6#-A6b.png""/>","<img src=""piano-keyboard-back-72-6-G6#-A6b.png""/>","<img src=""piano-keyboard-octave-back-G#-Ab.png""/>","<img src=""piano-keyboard-00-blank.png""/>",[sound:piano-audio-136-72-6-treble-G6#.mp3],72,1,
A6b treble,A,6,b,treble,"<img src=""piano-score-front-140-72-6-treble-A6b.png""/>","<img src=""piano-score-back-140-72-6-treble-A6b.png""/>","<img src=""piano-keyboard-front-72-6-G6#-A6b.png""/>","<img src=""piano-keyboard-back-72-6-G6#-A6b.png""/>","<img src=""piano-keyboard-octave-back-G#-Ab.png""/>","<img src=""piano-keyboard-00-blank.png""/>",[sound:piano-audio-140-72-6-treble-A6b.mp3],72,1,
A6 treble,A,6,,treble,"<img src=""piano-score-front-138-73-6-treble-A6.png""/>","<img src=""piano-score-back-138-73-6-treble-A6.png""/>","<img src=""piano-keyboard-front-73-6-A6.png""/>","<img src=""piano-keyboard-back-73-6-A6.png""/>","<img src=""piano-keyboard-octave-back-A.png""/>","<img src=""piano-keyboard-00-blank.png""/>",[sound:piano-audio-138-73-6-treble-A6.mp3],73,1,
A6# treble,A,6,#,treble,"<img src=""piano-score-front-139-74-6-treble-A6#.png""/>","<img src=""piano-score-back-139-74-6-treble-A6#.png""/>","<img src=""piano-keyboard-front-74-6-A6#-B6b.png""/>","<img src=""piano-keyboard-back-74-6-A6#-B6b.png""/>","<img src=""piano-keyboard-octave-back-A#-Bb.png""/>","<img src=""piano-keyboard-00-blank.png""/>",[sound:piano-audio-139-74-6-treble-A6#.mp3],74,1,
B6b treble,B,6,b,treble,"<img src=""piano-score-front-142-74-6-treble-B6b.png""/>","<img src=""piano-score-back-142-74-6-treble-B6b.png""/>","<img src=""piano-keyboard-front-74-6-A6#-B6b.png""/>","<img src=""piano-keyboard-back-74-6-A6#-B6b.png""/>","<img src=""piano-keyboard-octave-back-A#-Bb.png""/>","<img src=""piano-keyboard-00-blank.png""/>",[sound:piano-audio-142-74-6-treble-B6b.mp3],74,1,
B6 treble,B,6,,treble,"<img src=""piano-score-front-141-75-6-treble-B6.png""/>","<img src=""piano-score-back-141-75-6-treble-B6.png""/>","<img src=""piano-keyboard-front-75-6-B6.png""/>","<img src=""piano-keyboard-back-75-6-B6.png""/>","<img src=""piano-keyboard-octave-back-B.png""/>","<img src=""piano-keyboard-00-blank.png""/>",[sound:piano-audio-141-75-6-treble-B6.mp3],75,1,
C7 treble,C,7,,treble,"<img src=""piano-score-front-143-76-7-treble-C7.png""/>","<img src=""piano-score-back-143-76-7-treble-C7.png""/>","<img src=""piano-keyboard-front-76-7-C7.png""/>","<img src=""piano-keyboard-back-76-7-C7.png""/>","<img src=""piano-keyboard-octave-back-C.png""/>","<img src=""piano-keyboard-00-blank.png""/>",[sound:piano-audio-143-76-7-treble-C7.mp3],76,3,
C7# treble,C,7,#,treble,"<img src=""piano-score-front-144-77-7-treble-C7#.png""/>","<img src=""piano-score-back-144-77-7-treble-C7#.png""/>","<img src=""piano-keyboard-front-77-7-C7#-D7b.png""/>","<img src=""piano-keyboard-back-77-7-C7#-D7b.png""/>","<img src=""piano-keyboard-octave-back-C#-Db.png""/>","<img src=""piano-keyboard-00-blank.png""/>",[sound:piano-audio-144-77-7-treble-C7#.mp3],77,3,
D7b treble,D,7,b,treble,"<img src=""piano-score-front-147-77-7-treble-D7b.png""/>","<img src=""piano-score-back-147-77-7-treble-D7b.png""/>","<img src=""piano-keyboard-front-77-7-C7#-D7b.png""/>","<img src=""piano-keyboard-back-77-7-C7#-D7b.png""/>","<img src=""piano-keyboard-octave-back-C#-Db.png""/>","<img src=""piano-keyboard-00-blank.png""/>",[sound:piano-audio-147-77-7-treble-D7b.mp3],77,3,
D7 treble,D,7,,treble,"<img src=""piano-score-front-145-78-7-treble-D7.png""/>","<img src=""piano-score-back-145-78-7-treble-D7.png""/>","<img src=""piano-keyboard-front-78-7-D7.png""/>","<img src=""piano-keyboard-back-78-7-D7.png""/>","<img src=""piano-keyboard-octave-back-D.png""/>","<img src=""piano-keyboard-00-blank.png""/>",[sound:piano-audio-145-78-7-treble-D7.mp3],78,3,
D7# treble,D,7,#,treble,"<img src=""piano-score-front-146-79-7-treble-D7#.png""/>","<img src=""piano-score-back-146-79-7-treble-D7#.png""/>","<img src=""piano-keyboard-front-79-7-D7#-E7b.png""/>","<img src=""piano-keyboard-back-79-7-D7#-E7b.png""/>","<img src=""piano-keyboard-octave-back-D#-Eb.png""/>","<img src=""piano-keyboard-00-blank.png""/>",[sound:piano-audio-146-79-7-treble-D7#.mp3],79,3,
E7b treble,E,7,b,treble,"<img src=""piano-score-front-149-79-7-treble-E7b.png""/>","<img src=""piano-score-back-149-79-7-treble-E7b.png""/>","<img src=""piano-keyboard-front-79-7-D7#-E7b.png""/>","<img src=""piano-keyboard-back-79-7-D7#-E7b.png""/>","<img src=""piano-keyboard-octave-back-D#-Eb.png""/>","<img src=""piano-keyboard-00-blank.png""/>",[sound:piano-audio-149-79-7-treble-E7b.mp3],79,3,
E7 treble,E,7,,treble,"<img src=""piano-score-front-148-80-7-treble-E7.png""/>","<img src=""piano-score-back-148-80-7-treble-E7.png""/>","<img src=""piano-keyboard-front-80-7-E7.png""/>","<img src=""piano-keyboard-back-80-7-E7.png""/>","<img src=""piano-keyboard-octave-back-E.png""/>","<img src=""piano-keyboard-00-blank.png""/>",[sound:piano-audio-148-80-7-treble-E7.mp3],80,3,
F7 treble,F,7,,treble,"<img src=""piano-score-front-150-81-7-treble-F7.png""/>","<img src=""piano-score-back-150-81-7-treble-F7.png""/>","<img src=""piano-keyboard-front-81-7-F7.png""/>","<img src=""piano-keyboard-back-81-7-F7.png""/>","<img src=""piano-keyboard-octave-back-F.png""/>","<img src=""piano-keyboard-00-blank.png""/>",[sound:piano-audio-150-81-7-treble-F7.mp3],81,3,
F7# treble,F,7,#,treble,"<img src=""piano-score-front-151-82-7-treble-F7#.png""/>","<img src=""piano-score-back-151-82-7-treble-F7#.png""/>","<img src=""piano-keyboard-front-82-7-F7#-G7b.png""/>","<img src=""piano-keyboard-back-82-7-F7#-G7b.png""/>","<img src=""piano-keyboard-octave-back-F#-Gb.png""/>","<img src=""piano-keyboard-00-blank.png""/>",[sound:piano-audio-151-82-7-treble-F7#.mp3],82,3,
G7b treble,G,7,b,treble,"<img src=""piano-score-front-154-82-7-treble-G7b.png""/>","<img src=""piano-score-back-154-82-7-treble-G7b.png""/>","<img src=""piano-keyboard-front-82-7-F7#-G7b.png""/>","<img src=""piano-keyboard-back-82-7-F7#-G7b.png""/>","<img src=""piano-keyboard-octave-back-F#-Gb.png""/>","<img src=""piano-keyboard-00-blank.png""/>",[sound:piano-audio-154-82-7-treble-G7b.mp3],82,3,
G7 treble,G,7,,treble,"<img src=""piano-score-front-152-83-7-treble-G7.png""/>","<img src=""piano-score-back-152-83-7-treble-G7.png""/>","<img src=""piano-keyboard-front-83-7-G7.png""/>","<img src=""piano-keyboard-back-83-7-G7.png""/>","<img src=""piano-keyboard-octave-back-G.png""/>","<img src=""piano-keyboard-00-blank.png""/>",[sound:piano-audio-152-83-7-treble-G7.mp3],83,3,
G7# treble,G,7,#,treble,"<img src=""piano-score-front-153-84-7-treble-G7#.png""/>","<img src=""piano-score-back-153-84-7-treble-G7#.png""/>","<img src=""piano-keyboard-front-84-7-G7#-A7b.png""/>","<img src=""piano-keyboard-back-84-7-G7#-A7b.png""/>","<img src=""piano-keyboard-octave-back-G#-Ab.png""/>","<img src=""piano-keyboard-00-blank.png""/>",[sound:piano-audio-153-84-7-treble-G7#.mp3],84,3,
A7b treble,A,7,b,treble,"<img src=""piano-score-front-157-84-7-treble-A7b.png""/>","<img src=""piano-score-back-157-84-7-treble-A7b.png""/>","<img src=""piano-keyboard-front-84-7-G7#-A7b.png""/>","<img src=""piano-keyboard-back-84-7-G7#-A7b.png""/>","<img src=""piano-keyboard-octave-back-G#-Ab.png""/>","<img src=""piano-keyboard-00-blank.png""/>",[sound:piano-audio-157-84-7-treble-A7b.mp3],84,3,
A7 treble,A,7,,treble,"<img src=""piano-score-front-155-85-7-treble-A7.png""/>","<img src=""piano-score-back-155-85-7-treble-A7.png""/>","<img src=""piano-keyboard-front-85-7-A7.png""/>","<img src=""piano-keyboard-back-85-7-A7.png""/>","<img src=""piano-keyboard-octave-back-A.png""/>","<img src=""piano-keyboard-00-blank.png""/>",[sound:piano-audio-155-85-7-treble-A7.mp3],85,3,
A7# treble,A,7,#,treble,"<img src=""piano-score-front-156-86-7-treble-A7#.png""/>","<img src=""piano-score-back-156-86-7-treble-A7#.png""/>","<img src=""piano-keyboard-front-86-7-A7#-B7b.png""/>","<img src=""piano-keyboard-back-86-7-A7#-B7b.png""/>","<img src=""piano-keyboard-octave-back-A#-Bb.png""/>","<img src=""piano-keyboard-00-blank.png""/>",[sound:piano-audio-156-86-7-treble-A7#.mp3],86,3,
B7b treble,B,7,b,treble,"<img src=""piano-score-front-159-86-7-treble-B7b.png""/>","<img src=""piano-score-back-159-86-7-treble-B7b.png""/>","<img src=""piano-keyboard-front-86-7-A7#-B7b.png""/>","<img src=""piano-keyboard-back-86-7-A7#-B7b.png""/>","<img src=""piano-keyboard-octave-back-A#-Bb.png""/>","<img src=""piano-keyboard-00-blank.png""/>",[sound:piano-audio-159-86-7-treble-B7b.mp3],86,3,
B7 treble,B,7,,treble,"<img src=""piano-score-front-158-87-7-treble-B7.png""/>","<img src=""piano-score-back-158-87-7-treble-B7.png""/>","<img src=""piano-keyboard-front-87-7-B7.png""/>","<img src=""piano-keyboard-back-87-7-B7.png""/>","<img src=""piano-keyboard-octave-back-B.png""/>","<img src=""piano-keyboard-00-blank.png""/>",[sound:piano-audio-158-87-7-treble-B7.mp3],87,3,
C8 treble,C,8,,treble,"<img src=""piano-score-front-160-88-8-treble-C8.png""/>","<img src=""piano-score-back-160-88-8-treble-C8.png""/>","<img src=""piano-keyboard-front-88-8-C8.png""/>","<img src=""piano-keyboard-back-88-8-C8.png""/>","<img src=""piano-keyboard-octave-back-C.png""/>","<img src=""piano-keyboard-00-blank.png""/>",[sound:piano-audio-160-88-8-treble-C8.mp3],88,3,