name,note,8v,#/b,clef,score_image,keyboard_full_image,keyboard_octave_image,sound_file,piano_key#,order,tags
A0 Bass,A,0,,bass,"<img src=""piano-score-001-01-0-bass-A0.png""/>","<img src=""piano-keyboard-01-0-A0.png""/>","<img src=""piano-keyboard-octave-A.png""/>",[sound:piano-audio-001-01-0-bass-A0.mp3],1,4,
A0# Bass,A,0,#,bass,"<img src=""piano-score-002-02-0-bass-A0#.png""/>","<img src=""piano-keyboard-02-0-A0#-B0b.png""/>","<img src=""piano-keyboard-octave-A#-Bb.png""/>",[sound:piano-audio-002-02-0-bass-A0#.mp3],2,4,
B0b Bass,B,0,b,bass,"<img src=""piano-score-004-02-0-bass-B0b.png""/>","<img src=""piano-keyboard-02-0-A0#-B0b.png""/>","<img src=""piano-keyboard-octave-A#-Bb.png""/>",[sound:piano-audio-004-02-0-bass-B0b.mp3],2,4,
B0 Bass,B,0,,bass,"<img src=""piano-score-003-03-0-bass-B0.png""/>","<img src=""piano-keyboard-03-0-B0.png""/>","<img src=""piano-keyboard-octave-B.png""/>",[sound:piano-audio-003-03-0-bass-B0.mp3],3,4,
C1 Bass,C,1,,bass,"<img src=""piano-score-005-04-1-bass-C1.png""/>","<img src=""piano-keyboard-04-1-C1.png""/>","<img src=""piano-keyboard-octave-C.png""/>",[sound:piano-audio-005-04-1-bass-C1.mp3],4,4,
C1# Bass,C,1,#,bass,"<img src=""piano-score-006-05-1-bass-C1#.png""/>","<img src=""piano-keyboard-05-1-C1#-D1b.png""/>","<img src=""piano-keyboard-octave-C#-Db.png""/>",[sound:piano-audio-006-05-1-bass-C1#.mp3],5,4,
D1b Bass,D,1,b,bass,"<img src=""piano-score-009-05-1-bass-D1b.png""/>","<img src=""piano-keyboard-05-1-C1#-D1b.png""/>","<img src=""piano-keyboard-octave-C#-Db.png""/>",[sound:piano-audio-009-05-1-bass-D1b.mp3],5,4,
D1 Bass,D,1,,bass,"<img src=""piano-score-007-06-1-bass-D1.png""/>","<img src=""piano-keyboard-06-1-D1.png""/>","<img src=""piano-keyboard-octave-D.png""/>",[sound:piano-audio-007-06-1-bass-D1.mp3],6,4,
D1# Bass,D,1,#,bass,"<img src=""piano-score-008-07-1-bass-D1#.png""/>","<img src=""piano-keyboard-07-1-D1#-E1b.png""/>","<img src=""piano-keyboard-octave-D#-Eb.png""/>",[sound:piano-audio-008-07-1-bass-D1#.mp3],7,4,
E1b Bass,E,1,b,bass,"<img src=""piano-score-011-07-1-bass-E1b.png""/>","<img src=""piano-keyboard-07-1-D1#-E1b.png""/>","<img src=""piano-keyboard-octave-D#-Eb.png""/>",[sound:piano-audio-011-07-1-bass-E1b.mp3],7,4,
E1 Bass,E,1,,bass,"<img src=""piano-score-010-08-1-bass-E1.png""/>","<img src=""piano-keyboard-08-1-E1.png""/>","<img src=""piano-keyboard-octave-E.png""/>",[sound:piano-audio-010-08-1-bass-E1.mp3],8,4,
F1 Bass,F,1,,bass,"<img src=""piano-score-012-09-1-bass-F1.png""/>","<img src=""piano-keyboard-09-1-F1.png""/>","<img src=""piano-keyboard-octave-F.png""/>",[sound:piano-audio-012-09-1-bass-F1.mp3],9,4,
F1# Bass,F,1,#,bass,"<img src=""piano-score-013-10-1-bass-F1#.png""/>","<img src=""piano-keyboard-10-1-F1#-G1b.png""/>","<img src=""piano-keyboard-octave-F#-Gb.png""/>",[sound:piano-audio-013-10-1-bass-F1#.mp3],10,4,
G1b Bass,G,1,b,bass,"<img src=""piano-score-016-10-1-bass-G1b.png""/>","<img src=""piano-keyboard-10-1-F1#-G1b.png""/>","<img src=""piano-keyboard-octave-F#-Gb.png""/>",[sound:piano-audio-016-10-1-bass-G1b.mp3],10,4,
G1 Bass,G,1,,bass,"<img src=""piano-score-014-11-1-bass-G1.png""/>","<img src=""piano-keyboard-11-1-G1.png""/>","<img src=""piano-keyboard-octave-G.png""/>",[sound:piano-audio-014-11-1-bass-G1.mp3],11,4,
G1# Bass,G,1,#,bass,"<img src=""piano-score-015-12-1-bass-G1#.png""/>","<img src=""piano-keyboard-12-1-G1#-A1b.png""/>","<img src=""piano-keyboard-octave-G#-Ab.png""/>",[sound:piano-audio-015-12-1-bass-G1#.mp3],12,4,
A1b Bass,A,1,b,bass,"<img src=""piano-score-019-12-1-bass-A1b.png""/>","<img src=""piano-keyboard-12-1-G1#-A1b.png""/>","<img src=""piano-keyboard-octave-G#-Ab.png""/>",[sound:piano-audio-019-12-1-bass-A1b.mp3],12,4,
A1 Bass,A,1,,bass,"<img src=""piano-score-017-13-1-bass-A1.png""/>","<img src=""piano-keyboard-13-1-A1.png""/>","<img src=""piano-keyboard-octave-A.png""/>",[sound:piano-audio-017-13-1-bass-A1.mp3],13,4,
A1# Bass,A,1,#,bass,"<img src=""piano-score-018-14-1-bass-A1#.png""/>","<img src=""piano-keyboard-14-1-A1#-B1b.png""/>","<img src=""piano-keyboard-octave-A#-Bb.png""/>",[sound:piano-audio-018-14-1-bass-A1#.mp3],14,4,
B1b Bass,B,1,b,bass,"<img src=""piano-score-021-14-1-bass-B1b.png""/>","<img src=""piano-keyboard-14-1-A1#-B1b.png""/>","<img src=""piano-keyboard-octave-A#-Bb.png""/>",[sound:piano-audio-021-14-1-bass-B1b.mp3],14,4,
B1 Bass,B,1,,bass,"<img src=""piano-score-020-15-1-bass-B1.png""/>","<img src=""piano-keyboard-15-1-B1.png""/>","<img src=""piano-keyboard-octave-B.png""/>",[sound:piano-audio-020-15-1-bass-B1.mp3],15,4,
C2 Bass,C,2,,bass,"<img src=""piano-score-022-16-2-bass-C2.png""/>","<img src=""piano-keyboard-16-2-C2.png""/>","<img src=""piano-keyboard-octave-C.png""/>",[sound:piano-audio-022-16-2-bass-C2.mp3],16,2,
C2# Bass,C,2,#,bass,"<img src=""piano-score-023-17-2-bass-C2#.png""/>","<img src=""piano-keyboard-17-2-C2#-D2b.png""/>","<img src=""piano-keyboard-octave-C#-Db.png""/>",[sound:piano-audio-023-17-2-bass-C2#.mp3],17,2,
D2b Bass,D,2,b,bass,"<img src=""piano-score-026-17-2-bass-D2b.png""/>","<img src=""piano-keyboard-17-2-C2#-D2b.png""/>","<img src=""piano-keyboard-octave-C#-Db.png""/>",[sound:piano-audio-026-17-2-bass-D2b.mp3],17,2,
D2 Bass,D,2,,bass,"<img src=""piano-score-024-18-2-bass-D2.png""/>","<img src=""piano-keyboard-18-2-D2.png""/>","<img src=""piano-keyboard-octave-D.png""/>",[sound:piano-audio-024-18-2-bass-D2.mp3],18,2,
D2# Bass,D,2,#,bass,"<img src=""piano-score-025-19-2-bass-D2#.png""/>","<img src=""piano-keyboard-19-2-D2#-E2b.png""/>","<img src=""piano-keyboard-octave-D#-Eb.png""/>",[sound:piano-audio-025-19-2-bass-D2#.mp3],19,2,
E2b Bass,E,2,b,bass,"<img src=""piano-score-028-19-2-bass-E2b.png""/>","<img src=""piano-keyboard-19-2-D2#-E2b.png""/>","<img src=""piano-keyboard-octave-D#-Eb.png""/>",[sound:piano-audio-028-19-2-bass-E2b.mp3],19,2,
E2 Bass,E,2,,bass,"<img src=""piano-score-027-20-2-bass-E2.png""/>","<img src=""piano-keyboard-20-2-E2.png""/>","<img src=""piano-keyboard-octave-E.png""/>",[sound:piano-audio-027-20-2-bass-E2.mp3],20,2,
F2 Bass,F,2,,bass,"<img src=""piano-score-029-21-2-bass-F2.png""/>","<img src=""piano-keyboard-21-2-F2.png""/>","<img src=""piano-keyboard-octave-F.png""/>",[sound:piano-audio-029-21-2-bass-F2.mp3],21,2,
F2# Bass,F,2,#,bass,"<img src=""piano-score-030-22-2-bass-F2#.png""/>","<img src=""piano-keyboard-22-2-F2#-G2b.png""/>","<img src=""piano-keyboard-octave-F#-Gb.png""/>",[sound:piano-audio-030-22-2-bass-F2#.mp3],22,2,
G2b Bass,G,2,b,bass,"<img src=""piano-score-033-22-2-bass-G2b.png""/>","<img src=""piano-keyboard-22-2-F2#-G2b.png""/>","<img src=""piano-keyboard-octave-F#-Gb.png""/>",[sound:piano-audio-033-22-2-bass-G2b.mp3],22,2,
G2 Bass,G,2,,bass,"<img src=""piano-score-031-23-2-bass-G2.png""/>","<img src=""piano-keyboard-23-2-G2.png""/>","<img src=""piano-keyboard-octave-G.png""/>",[sound:piano-audio-031-23-2-bass-G2.mp3],23,2,
G2# Bass,G,2,#,bass,"<img src=""piano-score-032-24-2-bass-G2#.png""/>","<img src=""piano-keyboard-24-2-G2#-A2b.png""/>","<img src=""piano-keyboard-octave-G#-Ab.png""/>",[sound:piano-audio-032-24-2-bass-G2#.mp3],24,2,
A2b Bass,A,2,b,bass,"<img src=""piano-score-036-24-2-bass-A2b.png""/>","<img src=""piano-keyboard-24-2-G2#-A2b.png""/>","<img src=""piano-keyboard-octave-G#-Ab.png""/>",[sound:piano-audio-036-24-2-bass-A2b.mp3],24,2,
A2 Bass,A,2,,bass,"<img src=""piano-score-034-25-2-bass-A2.png""/>","<img src=""piano-keyboard-25-2-A2.png""/>","<img src=""piano-keyboard-octave-A.png""/>",[sound:piano-audio-034-25-2-bass-A2.mp3],25,2,
A2# Bass,A,2,#,bass,"<img src=""piano-score-035-26-2-bass-A2#.png""/>","<img src=""piano-keyboard-26-2-A2#-B2b.png""/>","<img src=""piano-keyboard-octave-A#-Bb.png""/>",[sound:piano-audio-035-26-2-bass-A2#.mp3],26,2,
B2b Bass,B,2,b,bass,"<img src=""piano-score-038-26-2-bass-B2b.png""/>","<img src=""piano-keyboard-26-2-A2#-B2b.png""/>","<img src=""piano-keyboard-octave-A#-Bb.png""/>",[sound:piano-audio-038-26-2-bass-B2b.mp3],26,2,
B2 Bass,B,2,,bass,"<img src=""piano-score-037-27-2-bass-B2.png""/>","<img src=""piano-keyboard-27-2-B2.png""/>","<img src=""piano-keyboard-octave-B.png""/>",[sound:piano-audio-037-27-2-bass-B2.mp3],27,2,
C3 Treble,C,3,,treble,"<img src=""piano-score-039-28-3-treble-C3.png""/>","<img src=""piano-keyboard-28-3-C3.png""/>","<img src=""piano-keyboard-octave-C.png""/>",[sound:piano-audio-039-28-3-treble-C3.mp3],28,3,
C3# Treble,C,3,#,treble,"<img src=""piano-score-040-29-3-treble-C3#.png""/>","<img src=""piano-keyboard-29-3-C3#-D3b.png""/>","<img src=""piano-keyboard-octave-C#-Db.png""/>",[sound:piano-audio-040-29-3-treble-C3#.mp3],29,3,
D3b Treble,D,3,b,treble,"<img src=""piano-score-043-29-3-treble-D3b.png""/>","<img src=""piano-keyboard-29-3-C3#-D3b.png""/>","<img src=""piano-keyboard-octave-C#-Db.png""/>",[sound:piano-audio-043-29-3-treble-D3b.mp3],29,3,
D3 Treble,D,3,,treble,"<img src=""piano-score-041-30-3-treble-D3.png""/>","<img src=""piano-keyboard-30-3-D3.png""/>","<img src=""piano-keyboard-octave-D.png""/>",[sound:piano-audio-041-30-3-treble-D3.mp3],30,3,
D3# Treble,D,3,#,treble,"<img src=""piano-score-042-31-3-treble-D3#.png""/>","<img src=""piano-keyboard-31-3-D3#-E3b.png""/>","<img src=""piano-keyboard-octave-D#-Eb.png""/>",[sound:piano-audio-042-31-3-treble-D3#.mp3],31,3,
E3b Treble,E,3,b,treble,"<img src=""piano-score-045-31-3-treble-E3b.png""/>","<img src=""piano-keyboard-31-3-D3#-E3b.png""/>","<img src=""piano-keyboard-octave-D#-Eb.png""/>",[sound:piano-audio-045-31-3-treble-E3b.mp3],31,3,
E3 Treble,E,3,,treble,"<img src=""piano-score-044-32-3-treble-E3.png""/>","<img src=""piano-keyboard-32-3-E3.png""/>","<img src=""piano-keyboard-octave-E.png""/>",[sound:piano-audio-044-32-3-treble-E3.mp3],32,3,
F3 Treble,F,3,,treble,"<img src=""piano-score-046-33-3-treble-F3.png""/>","<img src=""piano-keyboard-33-3-F3.png""/>","<img src=""piano-keyboard-octave-F.png""/>",[sound:piano-audio-046-33-3-treble-F3.mp3],33,3,
F3# Treble,F,3,#,treble,"<img src=""piano-score-047-34-3-treble-F3#.png""/>","<img src=""piano-keyboard-34-3-F3#-G3b.png""/>","<img src=""piano-keyboard-octave-F#-Gb.png""/>",[sound:piano-audio-047-34-3-treble-F3#.mp3],34,3,
G3b Treble,G,3,b,treble,"<img src=""piano-score-050-34-3-treble-G3b.png""/>","<img src=""piano-keyboard-34-3-F3#-G3b.png""/>","<img src=""piano-keyboard-octave-F#-Gb.png""/>",[sound:piano-audio-050-34-3-treble-G3b.mp3],34,3,
G3 Treble,G,3,,treble,"<img src=""piano-score-048-35-3-treble-G3.png""/>","<img src=""piano-keyboard-35-3-G3.png""/>","<img src=""piano-keyboard-octave-G.png""/>",[sound:piano-audio-048-35-3-treble-G3.mp3],35,3,
G3# Treble,G,3,#,treble,"<img src=""piano-score-049-36-3-treble-G3#.png""/>","<img src=""piano-keyboard-36-3-G3#-A3b.png""/>","<img src=""piano-keyboard-octave-G#-Ab.png""/>",[sound:piano-audio-049-36-3-treble-G3#.mp3],36,3,
A3b Treble,A,3,b,treble,"<img src=""piano-score-053-36-3-treble-A3b.png""/>","<img src=""piano-keyboard-36-3-G3#-A3b.png""/>","<img src=""piano-keyboard-octave-G#-Ab.png""/>",[sound:piano-audio-053-36-3-treble-A3b.mp3],36,3,
A3 Treble,A,3,,treble,"<img src=""piano-score-051-37-3-treble-A3.png""/>","<img src=""piano-keyboard-37-3-A3.png""/>","<img src=""piano-keyboard-octave-A.png""/>",[sound:piano-audio-051-37-3-treble-A3.mp3],37,3,
A3# Treble,A,3,#,treble,"<img src=""piano-score-052-38-3-treble-A3#.png""/>","<img src=""piano-keyboard-38-3-A3#-B3b.png""/>","<img src=""piano-keyboard-octave-A#-Bb.png""/>",[sound:piano-audio-052-38-3-treble-A3#.mp3],38,3,
B3b Treble,B,3,b,treble,"<img src=""piano-score-055-38-3-treble-B3b.png""/>","<img src=""piano-keyboard-38-3-A3#-B3b.png""/>","<img src=""piano-keyboard-octave-A#-Bb.png""/>",[sound:piano-audio-055-38-3-treble-B3b.mp3],38,3,
B3 Treble,B,3,,treble,"<img src=""piano-score-054-39-3-treble-B3.png""/>","<img src=""piano-keyboard-39-3-B3.png""/>","<img src=""piano-keyboard-octave-B.png""/>",[sound:piano-audio-054-39-3-treble-B3.mp3],39,3,
C3 Bass,C,3,,bass,"<img src=""piano-score-056-28-3-bass-C3.png""/>","<img src=""piano-keyboard-28-3-C3.png""/>","<img src=""piano-keyboard-octave-C.png""/>",[sound:piano-audio-056-28-3-bass-C3.mp3],28,1,
C3# Bass,C,3,#,bass,"<img src=""piano-score-057-29-3-bass-C3#.png""/>","<img src=""piano-keyboard-29-3-C3#-D3b.png""/>","<img src=""piano-keyboard-octave-C#-Db.png""/>",[sound:piano-audio-057-29-3-bass-C3#.mp3],29,1,
D3b Bass,D,3,b,bass,"<img src=""piano-score-060-29-3-bass-D3b.png""/>","<img src=""piano-keyboard-29-3-C3#-D3b.png""/>","<img src=""piano-keyboard-octave-C#-Db.png""/>",[sound:piano-audio-060-29-3-bass-D3b.mp3],29,1,
D3 Bass,D,3,,bass,"<img src=""piano-score-058-30-3-bass-D3.png""/>","<img src=""piano-keyboard-30-3-D3.png""/>","<img src=""piano-keyboard-octave-D.png""/>",[sound:piano-audio-058-30-3-bass-D3.mp3],30,1,
D3# Bass,D,3,#,bass,"<img src=""piano-score-059-31-3-bass-D3#.png""/>","<img src=""piano-keyboard-31-3-D3#-E3b.png""/>","<img src=""piano-keyboard-octave-D#-Eb.png""/>",[sound:piano-audio-059-31-3-bass-D3#.mp3],31,1,
E3b Bass,E,3,b,bass,"<img src=""piano-score-062-31-3-bass-E3b.png""/>","<img src=""piano-keyboard-31-3-D3#-E3b.png""/>","<img src=""piano-keyboard-octave-D#-Eb.png""/>",[sound:piano-audio-062-31-3-bass-E3b.mp3],31,1,
E3 Bass,E,3,,bass,"<img src=""piano-score-061-32-3-bass-E3.png""/>","<img src=""piano-keyboard-32-3-E3.png""/>","<img src=""piano-keyboard-octave-E.png""/>",[sound:piano-audio-061-32-3-bass-E3.mp3],32,1,
F3 Bass,F,3,,bass,"<img src=""piano-score-063-33-3-bass-F3.png""/>","<img src=""piano-keyboard-33-3-F3.png""/>","<img src=""piano-keyboard-octave-F.png""/>",[sound:piano-audio-063-33-3-bass-F3.mp3],33,1,
F3# Bass,F,3,#,bass,"<img src=""piano-score-064-34-3-bass-F3#.png""/>","<img src=""piano-keyboard-34-3-F3#-G3b.png""/>","<img src=""piano-keyboard-octave-F#-Gb.png""/>",[sound:piano-audio-064-34-3-bass-F3#.mp3],34,1,
G3b Bass,G,3,b,bass,"<img src=""piano-score-067-34-3-bass-G3b.png""/>","<img src=""piano-keyboard-34-3-F3#-G3b.png""/>","<img src=""piano-keyboard-octave-F#-Gb.png""/>",[sound:piano-audio-067-34-3-bass-G3b.mp3],34,1,
G3 Bass,G,3,,bass,"<img src=""piano-score-065-35-3-bass-G3.png""/>","<img src=""piano-keyboard-35-3-G3.png""/>","<img src=""piano-keyboard-octave-G.png""/>",[sound:piano-audio-065-35-3-bass-G3.mp3],35,1,
G3# Bass,G,3,#,bass,"<img src=""piano-score-066-36-3-bass-G3#.png""/>","<img src=""piano-keyboard-36-3-G3#-A3b.png""/>","<img src=""piano-keyboard-octave-G#-Ab.png""/>",[sound:piano-audio-066-36-3-bass-G3#.mp3],36,1,
A3b Bass,A,3,b,bass,"<img src=""piano-score-070-36-3-bass-A3b.png""/>","<img src=""piano-keyboard-36-3-G3#-A3b.png""/>","<img src=""piano-keyboard-octave-G#-Ab.png""/>",[sound:piano-audio-070-36-3-bass-A3b.mp3],36,1,
A3 Bass,A,3,,bass,"<img src=""piano-score-068-37-3-bass-A3.png""/>","<img src=""piano-keyboard-37-3-A3.png""/>","<img src=""piano-keyboard-octave-A.png""/>",[sound:piano-audio-068-37-3-bass-A3.mp3],37,1,
A3# Bass,A,3,#,bass,"<img src=""piano-score-069-38-3-bass-A3#.png""/>","<img src=""piano-keyboard-38-3-A3#-B3b.png""/>","<img src=""piano-keyboard-octave-A#-Bb.png""/>",[sound:piano-audio-069-38-3-bass-A3#.mp3],38,1,
B3b Bass,B,3,b,bass,"<img src=""piano-score-072-38-3-bass-B3b.png""/>","<img src=""piano-keyboard-38-3-A3#-B3b.png""/>","<img src=""piano-keyboard-octave-A#-Bb.png""/>",[sound:piano-audio-072-38-3-bass-B3b.mp3],38,1,
B3 Bass,B,3,,bass,"<img src=""piano-score-071-39-3-bass-B3.png""/>","<img src=""piano-keyboard-39-3-B3.png""/>","<img src=""piano-keyboard-octave-B.png""/>",[sound:piano-audio-071-39-3-bass-B3.mp3],39,1,
C4 Treble,C,4,,treble,"<img src=""piano-score-073-40-4-treble-C4.png""/>","<img src=""piano-keyboard-40-4-C4.png""/>","<img src=""piano-keyboard-octave-C.png""/>",[sound:piano-audio-073-40-4-treble-C4.mp3],40,0,
C4# Treble,C,4,#,treble,"<img src=""piano-score-074-41-4-treble-C4#.png""/>","<img src=""piano-keyboard-41-4-C4#-D4b.png""/>","<img src=""piano-keyboard-octave-C#-Db.png""/>",[sound:piano-audio-074-41-4-treble-C4#.mp3],41,0,
D4b Treble,D,4,b,treble,"<img src=""piano-score-077-41-4-treble-D4b.png""/>","<img src=""piano-keyboard-41-4-C4#-D4b.png""/>","<img src=""piano-keyboard-octave-C#-Db.png""/>",[sound:piano-audio-077-41-4-treble-D4b.mp3],41,0,
D4 Treble,D,4,,treble,"<img src=""piano-score-075-42-4-treble-D4.png""/>","<img src=""piano-keyboard-42-4-D4.png""/>","<img src=""piano-keyboard-octave-D.png""/>",[sound:piano-audio-075-42-4-treble-D4.mp3],42,0,
D4# Treble,D,4,#,treble,"<img src=""piano-score-076-43-4-treble-D4#.png""/>","<img src=""piano-keyboard-43-4-D4#-E4b.png""/>","<img src=""piano-keyboard-octave-D#-Eb.png""/>",[sound:piano-audio-076-43-4-treble-D4#.mp3],43,0,
E4b Treble,E,4,b,treble,"<img src=""piano-score-079-43-4-treble-E4b.png""/>","<img src=""piano-keyboard-43-4-D4#-E4b.png""/>","<img src=""piano-keyboard-octave-D#-Eb.png""/>",[sound:piano-audio-079-43-4-treble-E4b.mp3],43,0,
E4 Treble,E,4,,treble,"<img src=""piano-score-078-44-4-treble-E4.png""/>","<img src=""piano-keyboard-44-4-E4.png""/>","<img src=""piano-keyboard-octave-E.png""/>",[sound:piano-audio-078-44-4-treble-E4.mp3],44,0,
F4 Treble,F,4,,treble,"<img src=""piano-score-080-45-4-treble-F4.png""/>","<img src=""piano-keyboard-45-4-F4.png""/>","<img src=""piano-keyboard-octave-F.png""/>",[sound:piano-audio-080-45-4-treble-F4.mp3],45,0,
F4# Treble,F,4,#,treble,"<img src=""piano-score-081-46-4-treble-F4#.png""/>","<img src=""piano-keyboard-46-4-F4#-G4b.png""/>","<img src=""piano-keyboard-octave-F#-Gb.png""/>",[sound:piano-audio-081-46-4-treble-F4#.mp3],46,0,
G4b Treble,G,4,b,treble,"<img src=""piano-score-084-46-4-treble-G4b.png""/>","<img src=""piano-keyboard-46-4-F4#-G4b.png""/>","<img src=""piano-keyboard-octave-F#-Gb.png""/>",[sound:piano-audio-084-46-4-treble-G4b.mp3],46,0,
G4 Treble,G,4,,treble,"<img src=""piano-score-082-47-4-treble-G4.png""/>","<img src=""piano-keyboard-47-4-G4.png""/>","<img src=""piano-keyboard-octave-G.png""/>",[sound:piano-audio-082-47-4-treble-G4.mp3],47,0,
G4# Treble,G,4,#,treble,"<img src=""piano-score-083-48-4-treble-G4#.png""/>","<img src=""piano-keyboard-48-4-G4#-A4b.png""/>","<img src=""piano-keyboard-octave-G#-Ab.png""/>",[sound:piano-audio-083-48-4-treble-G4#.mp3],48,0,
A4b Treble,A,4,b,treble,"<img src=""piano-score-087-48-4-treble-A4b.png""/>","<img src=""piano-keyboard-48-4-G4#-A4b.png""/>","<img src=""piano-keyboard-octave-G#-Ab.png""/>",[sound:piano-audio-087-48-4-treble-A4b.mp3],48,0,
A4 Treble,A,4,,treble,"<img src=""piano-score-085-49-4-treble-A4.png""/>","<img src=""piano-keyboard-49-4-A4.png""/>","<img src=""piano-keyboard-octave-A.png""/>",[sound:piano-audio-085-49-4-treble-A4.mp3],49,0,
A4# Treble,A,4,#,treble,"<img src=""piano-score-086-50-4-treble-A4#.png""/>","<img src=""piano-keyboard-50-4-A4#-B4b.png""/>","<img src=""piano-keyboard-octave-A#-Bb.png""/>",[sound:piano-audio-086-50-4-treble-A4#.mp3],50,0,
B4b Treble,B,4,b,treble,"<img src=""piano-score-089-50-4-treble-B4b.png""/>","<img src=""piano-keyboard-50-4-A4#-B4b.png""/>","<img src=""piano-keyboard-octave-A#-Bb.png""/>",[sound:piano-audio-089-50-4-treble-B4b.mp3],50,0,
B4 Treble,B,4,,treble,"<img src=""piano-score-088-51-4-treble-B4.png""/>","<img src=""piano-keyboard-51-4-B4.png""/>","<img src=""piano-keyboard-octave-B.png""/>",[sound:piano-audio-088-51-4-treble-B4.mp3],51,0,
C4 Bass,C,4,,bass,"<img src=""piano-score-090-40-4-bass-C4.png""/>","<img src=""piano-keyboard-40-4-C4.png""/>","<img src=""piano-keyboard-octave-C.png""/>",[sound:piano-audio-090-40-4-bass-C4.mp3],40,1,
C4# Bass,C,4,#,bass,"<img src=""piano-score-091-41-4-bass-C4#.png""/>","<img src=""piano-keyboard-41-4-C4#-D4b.png""/>","<img src=""piano-keyboard-octave-C#-Db.png""/>",[sound:piano-audio-091-41-4-bass-C4#.mp3],41,1,
D4b Bass,D,4,b,bass,"<img src=""piano-score-094-41-4-bass-D4b.png""/>","<img src=""piano-keyboard-41-4-C4#-D4b.png""/>","<img src=""piano-keyboard-octave-C#-Db.png""/>",[sound:piano-audio-094-41-4-bass-D4b.mp3],41,1,
D4 Bass,D,4,,bass,"<img src=""piano-score-092-42-4-bass-D4.png""/>","<img src=""piano-keyboard-42-4-D4.png""/>","<img src=""piano-keyboard-octave-D.png""/>",[sound:piano-audio-092-42-4-bass-D4.mp3],42,1,
D4# Bass,D,4,#,bass,"<img src=""piano-score-093-43-4-bass-D4#.png""/>","<img src=""piano-keyboard-43-4-D4#-E4b.png""/>","<img src=""piano-keyboard-octave-D#-Eb.png""/>",[sound:piano-audio-093-43-4-bass-D4#.mp3],43,1,
E4b Bass,E,4,b,bass,"<img src=""piano-score-096-43-4-bass-E4b.png""/>","<img src=""piano-keyboard-43-4-D4#-E4b.png""/>","<img src=""piano-keyboard-octave-D#-Eb.png""/>",[sound:piano-audio-096-43-4-bass-E4b.mp3],43,1,
E4 Bass,E,4,,bass,"<img src=""piano-score-095-44-4-bass-E4.png""/>","<img src=""piano-keyboard-44-4-E4.png""/>","<img src=""piano-keyboard-octave-E.png""/>",[sound:piano-audio-095-44-4-bass-E4.mp3],44,1,
F4 Bass,F,4,,bass,"<img src=""piano-score-097-45-4-bass-F4.png""/>","<img src=""piano-keyboard-45-4-F4.png""/>","<img src=""piano-keyboard-octave-F.png""/>",[sound:piano-audio-097-45-4-bass-F4.mp3],45,1,
F4# Bass,F,4,#,bass,"<img src=""piano-score-098-46-4-bass-F4#.png""/>","<img src=""piano-keyboard-46-4-F4#-G4b.png""/>","<img src=""piano-keyboard-octave-F#-Gb.png""/>",[sound:piano-audio-098-46-4-bass-F4#.mp3],46,1,
G4b Bass,G,4,b,bass,"<img src=""piano-score-101-46-4-bass-G4b.png""/>","<img src=""piano-keyboard-46-4-F4#-G4b.png""/>","<img src=""piano-keyboard-octave-F#-Gb.png""/>",[sound:piano-audio-101-46-4-bass-G4b.mp3],46,1,
G4 Bass,G,4,,bass,"<img src=""piano-score-099-47-4-bass-G4.png""/>","<img src=""piano-keyboard-47-4-G4.png""/>","<img src=""piano-keyboard-octave-G.png""/>",[sound:piano-audio-099-47-4-bass-G4.mp3],47,1,
G4# Bass,G,4,#,bass,"<img src=""piano-score-100-48-4-bass-G4#.png""/>","<img src=""piano-keyboard-48-4-G4#-A4b.png""/>","<img src=""piano-keyboard-octave-G#-Ab.png""/>",[sound:piano-audio-100-48-4-bass-G4#.mp3],48,1,
A4b Bass,A,4,b,bass,"<img src=""piano-score-104-48-4-bass-A4b.png""/>","<img src=""piano-keyboard-48-4-G4#-A4b.png""/>","<img src=""piano-keyboard-octave-G#-Ab.png""/>",[sound:piano-audio-104-48-4-bass-A4b.mp3],48,1,
A4 Bass,A,4,,bass,"<img src=""piano-score-102-49-4-bass-A4.png""/>","<img src=""piano-keyboard-49-4-A4.png""/>","<img src=""piano-keyboard-octave-A.png""/>",[sound:piano-audio-102-49-4-bass-A4.mp3],49,1,
A4# Bass,A,4,#,bass,"<img src=""piano-score-103-50-4-bass-A4#.png""/>","<img src=""piano-keyboard-50-4-A4#-B4b.png""/>","<img src=""piano-keyboard-octave-A#-Bb.png""/>",[sound:piano-audio-103-50-4-bass-A4#.mp3],50,1,
B4b Bass,B,4,b,bass,"<img src=""piano-score-106-50-4-bass-B4b.png""/>","<img src=""piano-keyboard-50-4-A4#-B4b.png""/>","<img src=""piano-keyboard-octave-A#-Bb.png""/>",[sound:piano-audio-106-50-4-bass-B4b.mp3],50,1,
B4 Bass,B,4,,bass,"<img src=""piano-score-105-51-4-bass-B4.png""/>","<img src=""piano-keyboard-51-4-B4.png""/>","<img src=""piano-keyboard-octave-B.png""/>",[sound:piano-audio-105-51-4-bass-B4.mp3],51,1,
C5 Bass,C,5,,bass,"<img src=""piano-score-107-52-5-bass-C5.png""/>","<img src=""piano-keyboard-52-5-C5.png""/>","<img src=""piano-keyboard-octave-C.png""/>",[sound:piano-audio-107-52-5-bass-C5.mp3],52,1,
C5# Bass,C,5,#,bass,"<img src=""piano-score-108-53-5-bass-C5#.png""/>","<img src=""piano-keyboard-53-5-C5#-D5b.png""/>","<img src=""piano-keyboard-octave-C#-Db.png""/>",[sound:piano-audio-108-53-5-bass-C5#.mp3],53,1,
C5 Treble,C,5,,treble,"<img src=""piano-score-109-52-5-treble-C5.png""/>","<img src=""piano-keyboard-52-5-C5.png""/>","<img src=""piano-keyboard-octave-C.png""/>",[sound:piano-audio-109-52-5-treble-C5.mp3],52,0,
C5# Treble,C,5,#,treble,"<img src=""piano-score-110-53-5-treble-C5#.png""/>","<img src=""piano-keyboard-53-5-C5#-D5b.png""/>","<img src=""piano-keyboard-octave-C#-Db.png""/>",[sound:piano-audio-110-53-5-treble-C5#.mp3],53,0,
D5b Treble,D,5,b,treble,"<img src=""piano-score-113-53-5-treble-D5b.png""/>","<img src=""piano-keyboard-53-5-C5#-D5b.png""/>","<img src=""piano-keyboard-octave-C#-Db.png""/>",[sound:piano-audio-113-53-5-treble-D5b.mp3],53,0,
D5 Treble,D,5,,treble,"<img src=""piano-score-111-54-5-treble-D5.png""/>","<img src=""piano-keyboard-54-5-D5.png""/>","<img src=""piano-keyboard-octave-D.png""/>",[sound:piano-audio-111-54-5-treble-D5.mp3],54,0,
D5# Treble,D,5,#,treble,"<img src=""piano-score-112-55-5-treble-D5#.png""/>","<img src=""piano-keyboard-55-5-D5#-E5b.png""/>","<img src=""piano-keyboard-octave-D#-Eb.png""/>",[sound:piano-audio-112-55-5-treble-D5#.mp3],55,0,
E5b Treble,E,5,b,treble,"<img src=""piano-score-115-55-5-treble-E5b.png""/>","<img src=""piano-keyboard-55-5-D5#-E5b.png""/>","<img src=""piano-keyboard-octave-D#-Eb.png""/>",[sound:piano-audio-115-55-5-treble-E5b.mp3],55,0,
E5 Treble,E,5,,treble,"<img src=""piano-score-114-56-5-treble-E5.png""/>","<img src=""piano-keyboard-56-5-E5.png""/>","<img src=""piano-keyboard-octave-E.png""/>",[sound:piano-audio-114-56-5-treble-E5.mp3],56,0,
F5 Treble,F,5,,treble,"<img src=""piano-score-116-57-5-treble-F5.png""/>","<img src=""piano-keyboard-57-5-F5.png""/>","<img src=""piano-keyboard-octave-F.png""/>",[sound:piano-audio-116-57-5-treble-F5.mp3],57,0,
F5# Treble,F,5,#,treble,"<img src=""piano-score-117-58-5-treble-F5#.png""/>","<img src=""piano-keyboard-58-5-F5#-G5b.png""/>","<img src=""piano-keyboard-octave-F#-Gb.png""/>",[sound:piano-audio-117-58-5-treble-F5#.mp3],58,0,
G5b Treble,G,5,b,treble,"<img src=""piano-score-120-58-5-treble-G5b.png""/>","<img src=""piano-keyboard-58-5-F5#-G5b.png""/>","<img src=""piano-keyboard-octave-F#-Gb.png""/>",[sound:piano-audio-120-58-5-treble-G5b.mp3],58,0,
G5 Treble,G,5,,treble,"<img src=""piano-score-118-59-5-treble-G5.png""/>","<img src=""piano-keyboard-59-5-G5.png""/>","<img src=""piano-keyboard-octave-G.png""/>",[sound:piano-audio-118-59-5-treble-G5.mp3],59,0,
G5# Treble,G,5,#,treble,"<img src=""piano-score-119-60-5-treble-G5#.png""/>","<img src=""piano-keyboard-60-5-G5#-A5b.png""/>","<img src=""piano-keyboard-octave-G#-Ab.png""/>",[sound:piano-audio-119-60-5-treble-G5#.mp3],60,0,
A5b Treble,A,5,b,treble,"<img src=""piano-score-123-60-5-treble-A5b.png""/>","<img src=""piano-keyboard-60-5-G5#-A5b.png""/>","<img src=""piano-keyboard-octave-G#-Ab.png""/>",[sound:piano-audio-123-60-5-treble-A5b.mp3],60,0,
A5 Treble,A,5,,treble,"<img src=""piano-score-121-61-5-treble-A5.png""/>","<img src=""piano-keyboard-61-5-A5.png""/>","<img src=""piano-keyboard-octave-A.png""/>",[sound:piano-audio-121-61-5-treble-A5.mp3],61,0,
A5# Treble,A,5,#,treble,"<img src=""piano-score-122-62-5-treble-A5#.png""/>","<img src=""piano-keyboard-62-5-A5#-B5b.png""/>","<img src=""piano-keyboard-octave-A#-Bb.png""/>",[sound:piano-audio-122-62-5-treble-A5#.mp3],62,0,
B5b Treble,B,5,b,treble,"<img src=""piano-score-125-62-5-treble-B5b.png""/>","<img src=""piano-keyboard-62-5-A5#-B5b.png""/>","<img src=""piano-keyboard-octave-A#-Bb.png""/>",[sound:piano-audio-125-62-5-treble-B5b.mp3],62,0,
B5 Treble,B,5,,treble,"<img src=""piano-score-124-63-5-treble-B5.png""/>","<img src=""piano-keyboard-63-5-B5.png""/>","<img src=""piano-keyboard-octave-B.png""/>",[sound:piano-audio-124-63-5-treble-B5.mp3],63,0,
C6 Treble,C,6,,treble,"<img src=""piano-score-126-64-6-treble-C6.png""/>","<img src=""piano-keyboard-64-6-C6.png""/>","<img src=""piano-keyboard-octave-C.png""/>",[sound:piano-audio-126-64-6-treble-C6.mp3],64,1,
C6# Treble,C,6,#,treble,"<img src=""piano-score-127-65-6-treble-C6#.png""/>","<img src=""piano-keyboard-65-6-C6#-D6b.png""/>","<img src=""piano-keyboard-octave-C#-Db.png""/>",[sound:piano-audio-127-65-6-treble-C6#.mp3],65,1,
D6b Treble,D,6,b,treble,"<img src=""piano-score-130-65-6-treble-D6b.png""/>","<img src=""piano-keyboard-65-6-C6#-D6b.png""/>","<img src=""piano-keyboard-octave-C#-Db.png""/>",[sound:piano-audio-130-65-6-treble-D6b.mp3],65,1,
D6 Treble,D,6,,treble,"<img src=""piano-score-128-66-6-treble-D6.png""/>","<img src=""piano-keyboard-66-6-D6.png""/>","<img src=""piano-keyboard-octave-D.png""/>",[sound:piano-audio-128-66-6-treble-D6.mp3],66,1,
D6# Treble,D,6,#,treble,"<img src=""piano-score-129-67-6-treble-D6#.png""/>","<img src=""piano-keyboard-67-6-D6#-E6b.png""/>","<img src=""piano-keyboard-octave-D#-Eb.png""/>",[sound:piano-audio-129-67-6-treble-D6#.mp3],67,1,
E6b Treble,E,6,b,treble,"<img src=""piano-score-132-67-6-treble-E6b.png""/>","<img src=""piano-keyboard-67-6-D6#-E6b.png""/>","<img src=""piano-keyboard-octave-D#-Eb.png""/>",[sound:piano-audio-132-67-6-treble-E6b.mp3],67,1,
E6 Treble,E,6,,treble,"<img src=""piano-score-131-68-6-treble-E6.png""/>","<img src=""piano-keyboard-68-6-E6.png""/>","<img src=""piano-keyboard-octave-E.png""/>",[sound:piano-audio-131-68-6-treble-E6.mp3],68,1,
F6 Treble,F,6,,treble,"<img src=""piano-score-133-69-6-treble-F6.png""/>","<img src=""piano-keyboard-69-6-F6.png""/>","<img src=""piano-keyboard-octave-F.png""/>",[sound:piano-audio-133-69-6-treble-F6.mp3],69,1,
F6# Treble,F,6,#,treble,"<img src=""piano-score-134-70-6-treble-F6#.png""/>","<img src=""piano-keyboard-70-6-F6#-G6b.png""/>","<img src=""piano-keyboard-octave-F#-Gb.png""/>",[sound:piano-audio-134-70-6-treble-F6#.mp3],70,1,
G6b Treble,G,6,b,treble,"<img src=""piano-score-137-70-6-treble-G6b.png""/>","<img src=""piano-keyboard-70-6-F6#-G6b.png""/>","<img src=""piano-keyboard-octave-F#-Gb.png""/>",[sound:piano-audio-137-70-6-treble-G6b.mp3],70,1,
G6 Treble,G,6,,treble,"<img src=""piano-score-135-71-6-treble-G6.png""/>","<img src=""piano-keyboard-71-6-G6.png""/>","<img src=""piano-keyboard-octave-G.png""/>",[sound:piano-audio-135-71-6-treble-G6.mp3],71,1,
G6# Treble,G,6,#,treble,"<img src=""piano-score-136-72-6-treble-G6#.png""/>","<img src=""piano-keyboard-72-6-G6#-A6b.png""/>","<img src=""piano-keyboard-octave-G#-Ab.png""/>",[sound:piano-audio-136-72-6-treble-G6#.mp3],72,1,
A6b Treble,A,6,b,treble,"<img src=""piano-score-140-72-6-treble-A6b.png""/>","<img src=""piano-keyboard-72-6-G6#-A6b.png""/>","<img src=""piano-keyboard-octave-G#-Ab.png""/>",[sound:piano-audio-140-72-6-treble-A6b.mp3],72,1,
A6 Treble,A,6,,treble,"<img src=""piano-score-138-73-6-treble-A6.png""/>","<img src=""piano-keyboard-73-6-A6.png""/>","<img src=""piano-keyboard-octave-A.png""/>",[sound:piano-audio-138-73-6-treble-A6.mp3],73,1,
A6# Treble,A,6,#,treble,"<img src=""piano-score-139-74-6-treble-A6#.png""/>","<img src=""piano-keyboard-74-6-A6#-B6b.png""/>","<img src=""piano-keyboard-octave-A#-Bb.png""/>",[sound:piano-audio-139-74-6-treble-A6#.mp3],74,1,
B6b Treble,B,6,b,treble,"<img src=""piano-score-142-74-6-treble-B6b.png""/>","<img src=""piano-keyboard-74-6-A6#-B6b.png""/>","<img src=""piano-keyboard-octave-A#-Bb.png""/>",[sound:piano-audio-142-74-6-treble-B6b.mp3],74,1,
B6 Treble,B,6,,treble,"<img src=""piano-score-141-75-6-treble-B6.png""/>","<img src=""piano-keyboard-75-6-B6.png""/>","<img src=""piano-keyboard-octave-B.png""/>",[sound:piano-audio-141-75-6-treble-B6.mp3],75,1,
C7 Treble,C,7,,treble,"<img src=""piano-score-143-76-7-treble-C7.png""/>","<img src=""piano-keyboard-76-7-C7.png""/>","<img src=""piano-keyboard-octave-C.png""/>",[sound:piano-audio-143-76-7-treble-C7.mp3],76,3,
C7# Treble,C,7,#,treble,"<img src=""piano-score-144-77-7-treble-C7#.png""/>","<img src=""piano-keyboard-77-7-C7#-D7b.png""/>","<img src=""piano-keyboard-octave-C#-Db.png""/>",[sound:piano-audio-144-77-7-treble-C7#.mp3],77,3,
D7b Treble,D,7,b,treble,"<img src=""piano-score-147-77-7-treble-D7b.png""/>","<img src=""piano-keyboard-77-7-C7#-D7b.png""/>","<img src=""piano-keyboard-octave-C#-Db.png""/>",[sound:piano-audio-147-77-7-treble-D7b.mp3],77,3,
D7 Treble,D,7,,treble,"<img src=""piano-score-145-78-7-treble-D7.png""/>","<img src=""piano-keyboard-78-7-D7.png""/>","<img src=""piano-keyboard-octave-D.png""/>",[sound:piano-audio-145-78-7-treble-D7.mp3],78,3,
D7# Treble,D,7,#,treble,"<img src=""piano-score-146-79-7-treble-D7#.png""/>","<img src=""piano-keyboard-79-7-D7#-E7b.png""/>","<img src=""piano-keyboard-octave-D#-Eb.png""/>",[sound:piano-audio-146-79-7-treble-D7#.mp3],79,3,
E7b Treble,E,7,b,treble,"<img src=""piano-score-149-79-7-treble-E7b.png""/>","<img src=""piano-keyboard-79-7-D7#-E7b.png""/>","<img src=""piano-keyboard-octave-D#-Eb.png""/>",[sound:piano-audio-149-79-7-treble-E7b.mp3],79,3,
E7 Treble,E,7,,treble,"<img src=""piano-score-148-80-7-treble-E7.png""/>","<img src=""piano-keyboard-80-7-E7.png""/>","<img src=""piano-keyboard-octave-E.png""/>",[sound:piano-audio-148-80-7-treble-E7.mp3],80,3,
F7 Treble,F,7,,treble,"<img src=""piano-score-150-81-7-treble-F7.png""/>","<img src=""piano-keyboard-81-7-F7.png""/>","<img src=""piano-keyboard-octave-F.png""/>",[sound:piano-audio-150-81-7-treble-F7.mp3],81,3,
F7# Treble,F,7,#,treble,"<img src=""piano-score-151-82-7-treble-F7#.png""/>","<img src=""piano-keyboard-82-7-F7#-G7b.png""/>","<img src=""piano-keyboard-octave-F#-Gb.png""/>",[sound:piano-audio-151-82-7-treble-F7#.mp3],82,3,
G7b Treble,G,7,b,treble,"<img src=""piano-score-154-82-7-treble-G7b.png""/>","<img src=""piano-keyboard-82-7-F7#-G7b.png""/>","<img src=""piano-keyboard-octave-F#-Gb.png""/>",[sound:piano-audio-154-82-7-treble-G7b.mp3],82,3,
G7 Treble,G,7,,treble,"<img src=""piano-score-152-83-7-treble-G7.png""/>","<img src=""piano-keyboard-83-7-G7.png""/>","<img src=""piano-keyboard-octave-G.png""/>",[sound:piano-audio-152-83-7-treble-G7.mp3],83,3,
G7# Treble,G,7,#,treble,"<img src=""piano-score-153-84-7-treble-G7#.png""/>","<img src=""piano-keyboard-84-7-G7#-A7b.png""/>","<img src=""piano-keyboard-octave-G#-Ab.png""/>",[sound:piano-audio-153-84-7-treble-G7#.mp3],84,3,
A7b Treble,A,7,b,treble,"<img src=""piano-score-157-84-7-treble-A7b.png""/>","<img src=""piano-keyboard-84-7-G7#-A7b.png""/>","<img src=""piano-keyboard-octave-G#-Ab.png""/>",[sound:piano-audio-157-84-7-treble-A7b.mp3],84,3,
A7 Treble,A,7,,treble,"<img src=""piano-score-155-85-7-treble-A7.png""/>","<img src=""piano-keyboard-85-7-A7.png""/>","<img src=""piano-keyboard-octave-A.png""/>",[sound:piano-audio-155-85-7-treble-A7.mp3],85,3,
A7# Treble,A,7,#,treble,"<img src=""piano-score-156-86-7-treble-A7#.png""/>","<img src=""piano-keyboard-86-7-A7#-B7b.png""/>","<img src=""piano-keyboard-octave-A#-Bb.png""/>",[sound:piano-audio-156-86-7-treble-A7#.mp3],86,3,
B7b Treble,B,7,b,treble,"<img src=""piano-score-159-86-7-treble-B7b.png""/>","<img src=""piano-keyboard-86-7-A7#-B7b.png""/>","<img src=""piano-keyboard-octave-A#-Bb.png""/>",[sound:piano-audio-159-86-7-treble-B7b.mp3],86,3,
B7 Treble,B,7,,treble,"<img src=""piano-score-158-87-7-treble-B7.png""/>","<img src=""piano-keyboard-87-7-B7.png""/>","<img src=""piano-keyboard-octave-B.png""/>",[sound:piano-audio-158-87-7-treble-B7.mp3],87,3,
C8 Treble,C,8,,treble,"<img src=""piano-score-160-88-8-treble-C8.png""/>","<img src=""piano-keyboard-88-8-C8.png""/>","<img src=""piano-keyboard-octave-C.png""/>",[sound:piano-audio-160-88-8-treble-C8.mp3],88,3,